DARKO VISKOVIÆ PR DOLCE VITA;;;Lager;;;;
PAVLA VUJISIÆA 44 BEOGRAD (ZEMUN);;;"magacin: mp1
cena: nabavna";;;;
PIB:111565745;;;;;;;
;;;;;;;
Šifra;Naziv;J.M.;Ulaz;Izlaz;Stanje;Cena;Vrednost
002-0169;TASTATURA+MIS+PODLOGA USB MARVO CM306;kom;2;0;2;2.781,00;5.562,00
002-0175;TASTATURA+MIS+SLUSALICE USB MARVO CM409;kom;2;0;2;2.961,00;5.922,00
002-0188;TASTATURA+MIS USB MARVO CM310 WHITE GAMING;kom;2;0;2;3.861,00;7.722,00
002-0198;TASTATURA+MIS+SLUSALICE+PODLOGA XTRIKEME CMX411;kom;2;0;2;2.421,00;4.842,00
0020084;Tast USB K636 3x LED Backlight;;2;0;2;1.169,29;2.338,58
0020126;Tast Marvo USB KG629G multi RGB;;1;0;1;1.555,98;1.555,98
0020187;TASTATURA+MIS USB MARVO CM310 BLACK GAMING;kom;2;0;2;2.970,00;5.940,00
0030175;Miš  Mar M420 7D 4boje backlight;;1;0;1;1.031,18;1.031,18
0030233;Miš  Marvo M207 6D BackLight;;1;0;1;543,21;543,21
0030254;Miš M112 7D LED Backight bl/red;kom;2;0;2;474,30;948,60
0040058;Podloga M G5 crna 298x230;;4;0;4;359,07;1.436,29
0040092;Podloga MP-02 crna 180x220;;3;0;3;64,45;193,35
0202041;MBO ASUS AM4 PRIME A320M-K;kom;1;0;1;4.700,00;4.700,00
0250100;Napajanje ATX Zeus500W;;1;0;1;891,00;891,00
0250103;Napajanje ATX Zeus 600W;;2;0;2;1.321,65;2.643,30
04005181;CPU AMD Athlon 3000G multipack ;kom;1;0;1;5.180,33;5.180,33
0431501;D-Link bežiènI range D-Link DAP-1610/E;kom;1;0;1;3.644,52;3.644,52
04704820;MEM DDR4 4GB 2666 MHzKINGSTON KVR26N19S6/4;kom;1;0;1;1.946,73;1.946,73
097;WINSTON BLUE;pak;10;0;10;295,57;2.955,69
100736;Drzac za mobilni telefon VCH 5 magnetni crni (ventilacija);;1;0;1;212,80;212,80
100941;Futrola silikon GLITTER SHOW YOURSELF za Iphone X srebrna;KOM;1;0;1;238,34;238,34
100953;Futrola silikon GLITTER SHOW YOURSELF za Samsung J530F Galaxy J5 2017 (EU) roze;KOM;1;0;1;238,34;238,34
100954;Futrola silikon GLITTER SHOW YOURSELF za Samsung J530F Galaxy J5 2017 (EU) siva;KOM;1;0;1;238,34;238,34
101450;Adapter OTG Type C USB meltalni srebrni;KOM;1;0;1;106,86;106,86
102438;Adapter za punjac engleski crni;KOM;2;0;2;38,22;76,44
104266;Folija za zastitu ekrana GLASS za Huawei Mate 10 Lite;;3;0;3;73,78;221,33
104318;Futrola BI FOLD MERCURY za Huawei Mate 10 Lite crna;KOM;1;0;1;161,33;161,33
104320;Futrola BI FOLD MERCURY za Huawei Mate 10 Lite ljubicasta;KOM;1;0;1;161,33;161,33
105629;Futrola silikon GLITTER SHOW YOURSELF za Iphone 8 srebrna;KOM;1;0;1;170,20;170,20
105764;Futrola silikon BRUSHED za Huawei Mate 10 Lite crna;KOM;1;0;1;306,74;306,74
1059;WINSTON XSTYLE BLUE;pak;10;0;10;280,44;2.804,38
106179;Baterija alkalna Ultra 1.5V AA 15AU-U2/LR6 2/1 blister GP;;1;0;1;84,19;84,19
106180;Baterija alkalna Ultra 1.5V AA 15AU-U4/LR6 4/1 blister GP;;3;0;3;227,72;683,16
106187;Baterija alkalna Ultra 1.5V AAA 24AU-U4/LR03 4/1 blister GP;;5;0;5;159,39;796,95
107630;Futrola NILLKIN super frost za Iphone X/XS crna model 1;KOM;1;0;1;445,21;445,21
109179;Adapter za punjac 2 rupe beli;KOM;2;0;2;27,23;54,46
109249;Futrola ULTRA TANKI PROTECT silikon za Samsung G960F Galaxy S9 providna (bela);;1;0;1;111,45;111,45
109250;Futrola ULTRA TANKI PROTECT silikon za Samsung G965F Galaxy S9 Plus providna (be;;1;0;1;111,45;111,45
109251;Futrola ULTRA TANKI PROTECT silikon za Samsung G965F Galaxy S9 Plus siva;;1;0;1;111,45;111,45
109252;Futrola ULTRA TANKI PROTECT silikon za Samsung G960F Galaxy S9 siva;;2;0;2;111,45;222,90
109319;Flux BAKU BK-225 12CC;;1;0;1;233,32;233,32
1095;Pakovanje Sunshine folija;kom;50;0;50;0,00;0,00
109602;Futrola BI FOLD Ihave za Samsung G965F Galaxy S9 Plus roze;KOM;1;0;1;425,59;425,59
110122;Folija za zastitu ekrana GLASS za Huawei P20;;1;0;1;74,06;74,06
110123;Folija za zastitu ekrana GLASS za Huawei P20 Lite;;1;0;1;74,05;74,05
110124;Folija za zastitu ekrana GLASS za Huawei P20 Pro;;1;0;1;74,06;74,06
110246;Futrola ULTRA TANKI PROTECT silikon za Nokia 6 2018/6.1 providna (bela);;1;0;1;111,69;111,69
111772;Futrola NILLKIN QIN za Samsung G960F Galaxy S9 crna;KOM;1;0;1;849,42;849,42
1120647;Futrola NILLKIN super frost za Samsung G965F Galaxy S9 Plus crna;KOM;1;0;1;562,35;562,35
112411;Futrola BI FOLD HANMAN za Nokia 6 2018/6.1 crna;KOM;1;0;1;425,57;425,57
112482;Futrola ULTRA TANKI PROTECT silikon za Huawei P20 providna (bela);;5;0;5;139,76;698,78
112483;Futrola ULTRA TANKI PROTECT silikon za Huawei P20 Lite providna (bela);;2;0;2;111,45;222,90
112484;Futrola ULTRA TANKI PROTECT silikon za Huawei P20 Lite siva;;2;0;2;111,45;222,90
112485;Futrola ULTRA TANKI PROTECT silikon za Huawei P20 Pro providna (bela);;3;0;3;139,76;419,27
113843;Futrola silikon GLITTER SHOW YOURSELF za Samsung G960F Galaxy S9 siva;KOM;1;0;1;238,34;238,34
114049;Futrola ULTRA TANKI PROTECT silikon za Samsung J400F Galaxy J4 2018 providna (be;;1;0;1;111,45;111,45
114050;Futrola ULTRA TANKI PROTECT silikon za Samsung J400F Galaxy J4 2018 siva;;1;0;1;74,48;74,48
114109;Folija za zastitu ekrana GLASS BASEUS ARC za Samsung G960F Galaxy S9 crna 3D;;1;0;1;943,80;943,80
114382;Futrola ULTRA TANKI PROTECT silikon za Huawei Honor 10 Lite providna (bela);;2;0;2;111,45;222,90
114696;Bezicni punjac REMAX (Wi-Fi) RP-W10 crni;;1;0;1;931,70;931,70
115354;Futrola silikon GLITTER SHOW YOURSELF za Huawei P20 Lite zlatna;KOM;1;0;1;238,34;238,34
115549;Folija za zastitu ekrana GLASS za Nokia 6.1 Plus/X6 2018;;2;0;2;73,78;147,55
115565;Futrola ULTRA TANKI PROTECT silikon za Nokia 6.1 Plus/X6 2018 providna (bela);;1;0;1;111,69;111,69
115571;Futrola silikon BRUSHED za Huawei P20 Lite crna;KOM;1;0;1;306,74;306,74
115585;Futrola silikon BRUSHED za Nokia 6 2018/6.1 crna;KOM;1;0;1;306,74;306,74
116018;Futrola DOUBLE GLITTER za Huawei Mate 10 Lite plavo/ljubicasta;KOM;1;0;1;181,50;181,50
116598;Folija za zastitu ekrana GLASS za Nokia 5.1;;1;0;1;73,78;73,78
116634;Futrola ULTRA TANKI PROTECT silikon za Samsung N960F Galaxy Note 9 providna (bel;;1;0;1;111,70;111,70
116635;Futrola ULTRA TANKI PROTECT silikon za Samsung N960F Galaxy Note 9 siva;;1;0;1;111,45;111,45
116642;Selfie drzac generation BT crni;;2;0;2;383,07;766,13
117016;Futrola silikon GLITTER SHOW YOURSELF za Huawei Y7 Prime 2018/Honor 7C roze;KOM;1;0;1;238,34;238,34
117288;Folija za zastitu ekrana GLASS za Xiaomi Redmi 6 Pro/Mi A2 Lite;;2;0;2;73,78;147,55
117326;Futrola ULTRA TANKI PROTECT silikon za Nokia 5.1 providna (bela);;1;0;1;111,45;111,45
117330;Futrola ULTRA TANKI PROTECT silikon za Xiaomi Redmi 6 Pro/Mi A2 Lite providna (b;;1;0;1;111,45;111,45
117331;Futrola ULTRA TANKI PROTECT silikon za Xiaomi Redmi 6A providna (bela);;1;0;1;111,45;111,45
117854;Vodootporna torba 20L crna;;1;0;1;738,83;738,83
118536;Futrola Jelly za Huawei P20 Lite bordo;KOM;1;0;1;245,08;245,08
118542;Futrola Jelly za Huawei P20 Lite zlatna;KOM;1;0;1;245,08;245,08
118560;Futrola Jelly za Iphone 6G/6S bordo;KOM;1;0;1;245,08;245,08
118563;Futrola Jelly za Iphone 6G/6S roze;KOM;1;0;1;245,08;245,08
118568;Futrola Jelly za Iphone 7 Plus/8 Plus bordo;KOM;1;0;1;245,08;245,08
118571;Futrola Jelly za Iphone 7 Plus/8 Plus roze;KOM;1;0;1;245,08;245,08
118579;Futrola Jelly za Iphone 7/8 roze;KOM;1;0;1;245,08;245,08
118582;Futrola Jelly za Iphone 7/8 zlatna;KOM;1;0;1;245,08;245,08
118583;Futrola Jelly za Iphone X crna;KOM;1;0;1;245,08;245,08
118584;Futrola Jelly za Iphone X bordo;KOM;1;0;1;245,08;245,08
119239;Futrola ULTRA TANKI PROTECT silikon za Iphone XS Max providna (bela);;1;0;1;111,69;111,69
119240;Futrola ULTRA TANKI PROTECT silikon za Iphone XS Max siva;;1;0;1;76,60;76,60
119241;Futrola ULTRA TANKI PROTECT silikon za Iphone XR siva;;1;0;1;111,45;111,45
119488;Samsung auto punjac Micro USB crni 2000mA FULL ORG;;1;0;1;1.153,94;1.153,94
119544;Futrola BI FOLD Ihave za Iphone XS Max crna;KOM;1;0;1;425,61;425,61
120399;Folija za zastitu ekrana GLASS za Iphone XR;;2;0;2;74,06;148,11
120400;Folija za zastitu ekrana GLASS za Iphone XS Max;;2;0;2;74,06;148,11
1206174;Drzac za mobilni telefon KONFULON + WiFi punjac CMQ01 FAST crni;KOM;1;0;1;1.404,57;1.404,57
120619;Folija za zastitu ekrana GLASS za Nokia 5.1 Plus/X5;;1;0;1;73,93;73,93
1206252;Folija za zastitu ekrana GLASS za Huawei P30 Pro;;2;0;2;73,78;147,55
1206451;Futrola BI FOLD Ihave za Samsung G973F Galaxy S10 crna;KOM;1;0;1;425,60;425,60
1206453;Futrola BI FOLD Ihave za Samsung G970F Galaxy S10e crna;KOM;1;0;1;425,60;425,60
1206458;Futrola BI FOLD Ihave za Samsung G975F Galaxy S10 Plus crna;KOM;1;0;1;425,59;425,59
1206499;Futrola GENTLE COLOR za Huawei P30 crna;KOM;1;0;1;170,24;170,24
1206765;Futrola CANVAS za Sasmung G960F Galaxy S9 teget;KOM;1;0;1;288,09;288,09
1206786;Futrola ELEGANT DIAMOND za Iphone 7 teget;KOM;1;0;1;212,83;212,83
1206820;Futrola ELEGANT DIAMOND za Samsung G955F Galaxy S8 Plus crna;KOM;1;0;1;212,83;212,83
1206832;Futrola ELEGANT DIAMOND za Samsung J400F Galaxy J4 2018 crna;KOM;1;0;1;212,83;212,83
1206834;Futrola ELEGANT DIAMOND za Samsung J400F Galaxy J4 2018 teget;KOM;1;0;1;212,83;212,83
1206835;Futrola ELEGANT DIAMOND za Samsung J415F Galaxy J4 Plus crna;KOM;1;0;1;212,83;212,83
1206837;Futrola ELEGANT DIAMOND za Samsung J415F Galaxy J4 Plus teget;KOM;1;0;1;212,83;212,83
1206838;Futrola ELEGANT DIAMOND za Samsung J530F Galaxy J5 2017 (EU) crna;KOM;1;0;1;212,83;212,83
121060;Futrola GENTLE COLOR za Huawei Mate 10 Lite crna;KOM;1;0;1;170,24;170,24
121068;Futrola GENTLE COLOR za Huawei P10 Lite crna;KOM;1;0;1;170,24;170,24
121074;Futrola GENTLE COLOR za Huawei P20 Lite roze;KOM;1;0;1;170,24;170,24
121096;Futrola GENTLE COLOR za Iphone 7 Plus/8 Plus crna;KOM;1;0;1;170,24;170,24
121104;Futrola GENTLE COLOR za Iphone ;KOM;1;0;1;170,24;170,24
121128;Futrola GENTLE COLOR za Nokia 5.1 crna;KOM;1;0;1;119,16;119,16
121150;Futrola GENTLE COLOR za Samsung G950F Galaxy S8 crna;KOM;1;0;1;170,24;170,24
121154;Futrola GENTLE COLOR za Samsung G955F Galaxy S8 Plus crna;KOM;1;0;1;170,24;170,24
121172;Futrola GENTLE COLOR za Samsung J330F Galaxy J3 2017 (EU) roze;KOM;1;0;1;119,16;119,16
121180;Futrola GENTLE COLOR za Samsung J530F Galaxy J5 2017 (EU) crna;KOM;1;0;1;170,24;170,24
121182;Futrola GENTLE COLOR za Samsung J530F Galaxy J5 2017 (EU) roze;KOM;1;0;1;170,24;170,24
121190;Futrola GENTLE COLOR za Samsung J730F Galaxy J7 2017 (EU) crna;KOM;1;0;1;170,24;170,24
121389;Folija za zastitu ekrana GLASS za Huawei Mate 20 Lite/Honor Play/P Smart Plus/Ho;;6;0;6;87,73;526,36
121675;Futrola NILLKIN QIN za Iphone XS Max crna;KOM;1;0;1;672,48;672,48
121677;Futrola NILLKIN super frost za Iphone XR crna;KOM;1;0;1;445,21;445,21
122209;Folija za zastitu ekrana GLASS za Samsung A749F Galaxy A7 2018;;1;0;1;73,78;73,78
122262;Futrola GENTLE COLOR za Iphone XS Max crna;KOM;1;0;1;170,24;170,24
122311;Futrola ULTRA TANKI PROTECT silikon za Samsung J415F Galaxy J4 Plus providna (be;;2;0;2;111,45;222,90
122642;Futrola GENTLE COLOR za Huawei Honor 8X crna;KOM;1;0;1;119,16;119,16
122646;Futrola GENTLE COLOR za Samsung A749F Galaxy A7 2018 crna;KOM;1;0;1;170,24;170,24
122733;Futrola ULTRA TANKI PROTECT silikon za Huawei Mate 20 Pro providna (bela);;2;0;2;111,70;223,39
122749;Ranac KONFULON BP-02 sivi;;1;0;1;1.512,61;1.512,61
123212;Futrola ULTRA TANKI PROTECT silikon za Samsung J415F Galaxy J4 Plus siva;;1;0;1;111,45;111,45
123213;Futrola ULTRA TANKI PROTECT silikon za Nokia 5.1 Plus/X5 providna (bela);;1;0;1;111,45;111,45
123570;Futrola GENTLE COLOR za Nokia 5.1 Plus/X5 crna;KOM;1;0;1;119,16;119,16
124021;Futrola silikon GLITTER SHOW YOURSELF za Huawei Mate 20 lite srebrna;KOM;1;0;1;238,34;238,34
124031;Futrola silikon GLITTER SHOW YOURSELF za Iphone XR srebrna;KOM;1;0;1;238,34;238,34
124040;Futrola silikon GLITTER SHOW YOURSELF za Samsung J415F Galaxy J4 Plus srebrna;KOM;1;0;1;238,34;238,34
124054;Futrola DOUBLE GLITTER za Huawei Mate 20 lite plavo/ljubicasta;KOM;1;0;1;181,50;181,50
124732;Futrola NILLKIN super frost za Huawei Mate 20 Pro crna;KOM;1;0;1;498,52;498,52
125434;Futrola GENTLE COLOR za Huawei P20 Lite ljubicasta;KOM;1;0;1;119,16;119,16
125441;Futrola GENTLE COLOR za Iphone 6G/6S ljubicasta;KOM;1;0;1;170,24;170,24
125443;Futrola GENTLE COLOR za Iphone 7/8 ljubicasta;KOM;1;0;1;170,24;170,24
125447;Futrola GENTLE COLOR za Samsung J330F Galaxy J3 2017 (EU) ljubicasta;KOM;1;0;1;119,16;119,16
125448;Futrola GENTLE COLOR za Samsung J415F Galaxy J4 Plus ljubicasta;KOM;1;0;1;119,16;119,16
126594;Futrola ULTRA TANKI PROTECT silikon za Samsung G975F Galaxy S10 Plus providna (b;;2;0;2;111,69;223,38
126908;Futrola ULTRA TANKI PROTECT silikon za Huawei P30 providna (bela);;2;0;2;161,18;322,37
126909;Futrola ULTRA TANKI PROTECT silikon za Huawei P30 Pro providna (bela);;3;0;3;161,18;483,55
126910;Futrola ULTRA TANKI PROTECT silikon za Samsung G973F Galaxy S10 providna (bela);;2;0;2;111,69;223,38
126911;Futrola ULTRA TANKI PROTECT silikon za Samsung G970F Galaxy S10e providna (bela);;2;0;2;111,69;223,38
126912;Futrola ULTRA TANKI PROTECT silikon za Samsung G970F Galaxy S10e siva;;2;0;2;111,45;222,90
127777;Fut CLEAR VIEW P Smart 19 ljub;;1;0;1;504,14;504,14
127800;Futrola BI FOLD HANMAN za Huawei Honor 10 Lite/P Smart 2019 crna;KOM;1;0;1;425,57;425,57
127829;Futrola BI FOLD Ihave Gentleman za Huawei Mate 20 Pro crna;KOM;1;0;1;363,00;363,00
127894;Futrola BI FOLD Ihave Gentleman za Iphone XR crna;KOM;1;0;1;393,25;393,25
127899;Futrola BI FOLD Ihave Gentleman za Iphone XS Max crna;KOM;1;0;1;393,25;393,25
127974;Futrola BI FOLD Ihave Gentleman za Samsung G960F Galaxy S9 crna;KOM;1;0;1;393,25;393,25
128011;Futrola BI FOLD Ihave Gentleman za Samsung J415F Galaxy J4 Plus siva;KOM;1;0;1;302,50;302,50
128039;Futrola BI FOLD Ihave Gentleman za Samsung J730F Galaxy J7 2017 (EU) crna;KOM;1;0;1;425,57;425,57
128070;Futrola BI FOLD Ihave za Huawei Honor 10 Lite/P Smart 2019 roze;KOM;1;0;1;425,60;425,60
128111;Futrola GENTLE COLOR za Huawei Honor 10 Lite/P Smart 2019 teget;KOM;1;0;1;119,16;119,16
128397;Futrola ELEGANT DIAMOND za Huawei Mate 10 Lite crvena;KOM;1;0;1;272,13;272,13
128585;Futrola silikon Embossed za Huawei P20 Lite siva;KOM;1;0;1;153,22;153,22
128601;Futrola silikon Embossed za Iphone 7 crna;KOM;1;0;1;153,22;153,22
128610;Futrola silikon Embossed za Iphone 7 Plus siva;KOM;1;0;1;153,22;153,22
128662;Futrola silikon Embossed za Samsung J330F Galaxy J3 2017 siva;KOM;1;0;1;153,22;153,22
129143;Futrola ULTRA TANKI PROTECT silikon za Huawei P30 Lite providna (bela);;1;0;1;151,21;151,21
129232;Futrola Jelly za Huawei Huawei P Smart 2019/ Honor 10 lite bordo;KOM;1;0;1;245,08;245,08
129233;Futrola Jelly za Huawei Huawei P Smart 2019/ Honor 10 lite roze;KOM;1;0;1;245,08;245,08
129506;Folija za zastitu ekrana GLASS za Huawei P30 Lite;;1;0;1;74,05;74,05
129582;Futrola BI FOLD Ihave za Huawei P30 Pro crna;KOM;1;0;1;425,59;425,59
129633;Futrola CANVAS za Iphone X/XS siva;KOM;1;0;1;288,09;288,09
129668;Futrola GENTLE COLOR za Huawei Honor 10 Lite/P Smart 2019 plava;KOM;1;0;1;170,24;170,24
129669;Futrola GENTLE COLOR za Huawei Honor 10 Lite/P Smart 2019 roze;KOM;1;0;1;170,20;170,20
129670;Futrola GENTLE COLOR za Huawei P30 Lite crna;KOM;1;0;1;170,24;170,24
129672;Futrola GENTLE COLOR za Huawei P30 Lite ljubicasta;KOM;1;0;1;170,24;170,24
129676;Futrola GENTLE COLOR za Xiaomi Redmi 6A crna;KOM;1;0;1;170,24;170,24
129678;Futrola GENTLE COLOR za Xiaomi Redmi 6A ;KOM;1;0;1;170,24;170,24
130311;Nast lem za skid lepka 30W noz;;1;0;1;314,29;314,29
131025;Futrola Glitter Plaid za Huawei Mate 10 Lite crna;KOM;1;0;1;181,50;181,50
131029;Futrola Glitter Plaid za Huawei Mate 20 Lite crna;KOM;1;0;1;181,50;181,50
131041;Futrola Glitter Plaid za Iphone 7 Plus/8 Plus crna;KOM;1;0;1;181,50;181,50
131045;Futrola Glitter Plaid za Iphone 7/8 crna;KOM;1;0;1;181,50;181,50
131049;Futrola Glitter Plaid za Iphone X/XS crna;KOM;1;0;1;181,50;181,50
131053;Futrola Glitter Plaid za Iphone XR crna;KOM;1;0;1;181,50;181,50
131077;Futrola Glitter Plaid za Samsung G950F Galaxy S8 crna;KOM;1;0;1;181,50;181,50
131081;Futrola Glitter Plaid za Samsung G955F Galaxy S8 Plus crna;KOM;1;0;1;181,50;181,50
131085;Futrola Glitter Plaid za Samsung G960F Galaxy S9 crna;KOM;1;0;1;181,50;181,50
131093;Futrola Glitter Plaid za Samsung J330F Galaxy J3 2017 crna;KOM;1;0;1;181,50;181,50
131097;Futrola Glitter Plaid za Samsung J415F Galaxy J4 Plus crna;KOM;1;0;1;181,50;181,50
131101;Futrola Glitter Plaid za Samsung J530F Galaxy J5 2017 crna;KOM;1;0;1;181,50;181,50
131323;Futrola ULTRA TANKI PROTECT silikon za Xiaomi Redmi Note 7/Note 7 Pro providna (;;1;0;1;111,70;111,70
131435;GLASS 3D MINI UV-FULL GLUE za Samsung Galaxy Note 10 Plus;;1;0;1;559,02;559,02
131911;Folija za zastitu ekrana GLASS 11D za Iphone 7 Plus/8 Plus bela;;1;0;1;383,03;383,03
131912;Folija za zastitu ekrana GLASS 11D za Iphone 7 Plus/8 Plus crna;;1;0;1;383,03;383,03
131913;Folija za zastitu ekrana GLASS 11D za Iphone 7/8 bela;;1;0;1;383,03;383,03
131923;Folija za zastitu ekrana GLASS 11D za Samsung J410F/J415F/J610F Galaxy J4 Core/J;;1;0;1;383,03;383,03
131936;Folija za zastitu ekrana GLASS za Huawei Honor 8A/Y6 2019/Y6 Pro 2019;;4;0;4;73,78;295,10
131937;Folija za zastitu ekrana GLASS za Huawei Y7 2019/Y7 Pro 2019/Y7 Prime 2019;;1;0;1;73,93;73,93
132066;Futrola BI FOLD Ihave za Samsung A505F Galaxy A50 crna;KOM;1;0;1;423,92;423,92
132077;Futrola CANVAS za Sasmung G970F Galaxy S10e tamno siva;KOM;1;0;1;288,16;288,16
132078;Futrola CANVAS za Sasmung G970F Galaxy S10e teget;KOM;1;0;1;288,16;288,16
132154;Futrola ULTRA TANKI PROTECT silikon za Huawei Honor 8A  providna (bela);;2;0;2;111,69;223,38
132164;Futrola ULTRA TANKI PROTECT silikon za Samsung A505F Galaxy A50 providna (bela);;1;0;1;111,69;111,69
132291;Futrola NILLKIN QIN za Samsung G970F Galaxy S10e crna;KOM;1;0;1;849,42;849,42
132292;Futrola NILLKIN QIN za Samsung G973F Galaxy S10 crna;KOM;1;0;1;849,42;849,42
132293;Futrola NILLKIN QIN za Samsung G975F Galaxy S10 Plus crna;KOM;1;0;1;849,42;849,42
132296;Futrola NILLKIN super frost za Samsung G973F Galaxy S10 crna;KOM;1;0;1;562,66;562,66
133428;Futrola NILLKIN super frost za Samsung G975F Galaxy S10 Plus crna;KOM;1;0;1;562,64;562,64
133506;Futrola GENTLE COLOR za Huawei P30 Lite tirkizna;KOM;1;0;1;169,88;169,88
133571;Futrola ULTRA TANKI PROTECT silikon za Huawei Y6 2019 providna (bela);;2;0;2;111,69;223,38
133576;Futrola ULTRA TANKI PROTECT silikon za Samsung A205F/A305F Galaxy A20/A30 provid;;2;0;2;111,69;223,38
133587;Folija za zastitu ekrana GLASS za Samsung A305F/A505F Galaxy A30/A50;;1;0;1;74,02;74,02
133918;Adapter Type C handsfree/charging srebrni;KOM;1;0;1;207,32;207,32
133925;Futrola Jelly za Huawei P30 Lite bordo;KOM;1;0;1;245,08;245,08
133928;Futrola Jelly za Huawei P30 Lite zlatna;KOM;1;0;1;245,08;245,08
133930;Futrola Jelly za Huawei P30 Pro bordo;KOM;1;0;1;245,08;245,08
133958;Futrola NILLKIN super frost za Samsung G973F Galaxy S10 plava;KOM;1;0;1;562,64;562,64
133959;Futrola NILLKIN super frost za Samsung G970F Galaxy S10e plava;KOM;1;0;1;562,64;562,64
134505;Fut DEFEND CLEAR J6 2018 crna;;1;0;1;180,50;180,50
134520;Futrola GENTLE COLOR za Samsung A505F Galaxy A50 crna;KOM;4;0;4;201,72;806,87
134527;Futrola GENTLE COLOR za Samsung A405F Galaxy A40 crna;KOM;2;0;2;201,72;403,43
135128;Futrola G-Case Duke za Samsung G970F Galaxy S10e crna;KOM;1;0;1;425,59;425,59
135129;Futrola G-Case Duke za Samsung G970F Galaxy S10e teget;KOM;1;0;1;425,59;425,59
135130;Futrola G-Case Duke za Samsung G973F Galaxy S10 crna;KOM;1;0;1;425,59;425,59
135131;Futrola G-Case Duke za Samsung G973F Galaxy S10 teget;KOM;1;0;1;425,59;425,59
135132;Futrola G-Case Duke za Samsung G975F Galaxy S10 Plus crna;KOM;1;0;1;425,59;425,59
135133;Futrola G-Case Duke za Samsung G975F Galaxy S10 Plus teget;KOM;1;0;1;425,59;425,59
135135;Futrola silikon GLITTER SHOW YOURSELF za Huawei P Smart 2019 roze;KOM;1;0;1;238,34;238,34
135142;Futrola silikon GLITTER SHOW YOURSELF za Samsung G970F galaxy S10e roze;KOM;1;0;1;238,34;238,34
135143;Futrola silikon GLITTER SHOW YOURSELF za Samsung G970F galaxy S10e sreb;KOM;1;0;1;238,34;238,34
135146;Futrola silikon GLITTER SHOW YOURSELF za Samsung G973F galaxy S10 roze;KOM;1;0;1;238,34;238,34
135148;Futrola silikon GLITTER SHOW YOURSELF za Samsung G973F galaxy S10 zlatna;KOM;1;0;1;238,34;238,34
135150;Futrola silikon GLITTER SHOW YOURSELF za Samsung G975F galaxy S10 Plus roze;KOM;1;0;1;238,34;238,34
135693;Folija za zastitu ekrana GLASS za Samsung A105F Galaxy A10;;1;0;1;73,78;73,78
135694;Folija za zastitu ekrana GLASS za Samsung A205F Galaxy A20;;3;0;3;74,05;222,16
135881;Futrola ULTRA TANKI PROTECT silikon za Samsung A405F Galaxy A40 siva;;1;0;1;111,69;111,69
135882;Futrola ULTRA TANKI PROTECT silikon za Samsung A705F Galaxy A70 siva;;1;0;1;111,69;111,69
135884;Futrola ULTRA TANKI PROTECT silikon za Xiaomi Redmi Note 7/Note 7 Pro siva;;1;0;1;111,68;111,68
136009;Futrola DURABLE PRINT za Huawei P20 Lite DP0055;KOM;1;0;1;213,14;213,14
136035;Futrola DURABLE PRINT za Huawei P30 Lite DP0061;KOM;1;0;1;213,14;213,14
136118;Futrola DURABLE PRINT za Iphone 6G/6S DP0064;KOM;1;0;1;213,14;213,14
136539;Futrola silikon BRUSHED za Huawei P30 crna;KOM;1;0;1;306,74;306,74
136542;Futrola silikon BRUSHED za Huawei Y7 2019/Y7 Prime 2019 crna;KOM;1;0;1;313,36;313,36
136675;Futrola GENTLE COLOR za Huawei Y7 2019/Y7 Prime 2019 crna;KOM;1;0;1;170,24;170,24
136681;Futrola GENTLE COLOR za Samsung A405F Galaxy A40 ljubicasta;KOM;1;0;1;170,24;170,24
136686;Futrola GENTLE COLOR za Samsung A705F Galaxy A70 ljubicasta;KOM;1;0;1;170,24;170,24
136688;Futrola GENTLE COLOR za Samsung A705F Galaxy A70 roze;KOM;1;0;1;170,24;170,24
138521;Folija za zastitu ekrana GLASS za Huawei Honor 20 Lite;;2;0;2;74,04;148,07
138616;Futrola GENTLE COLOR za Samsung A105F Galaxy A10 crna;KOM;1;0;1;201,72;201,72
138623;Futrola GENTLE COLOR za Samsung A205F/A305F Galaxy A20/A30 crna;KOM;3;0;3;110,92;332,76
138625;Futrola GENTLE COLOR za Samsung A205F/A305F Galaxy A20/A30 ljubicasta;KOM;1;0;1;169,88;169,88
138745;Futrola ULTRA TANKI PROTECT silikon za Samsung A105F Galaxy A10 siva;;1;0;1;111,69;111,69
138746;Futrola ULTRA TANKI PROTECT silikon za Samsung A205F/A305F Galaxy A20/A30 siva;;1;0;1;111,69;111,69
139099;Futrola DURABLE PRINT za Iphone 7/8 DP0074;KOM;1;0;1;213,14;213,14
139244;Futrola DURABLE PRINT za Samsung J330F Galaxy J3 2017 (EU) DP0079;KOM;1;0;1;213,14;213,14
139281;Futrola DURABLE PRINT za Samsung J530F Galaxy J5 2017 (EU) DP0081;KOM;1;0;1;213,14;213,14
139585;Futrola silikon GLITTER SHOW YOURSELF za Huawei Y7 2019/Y7 Prime 2019 zlatna;KOM;1;0;1;238,34;238,34
139638;Folija za zastitu ekrana GLASS za Samsung A202F Galaxy A20e;;3;0;3;73,93;221,79
139656;Futrola BI FOLD Ihave Gentleman za Samsung A202F Galaxy A20e crna;KOM;1;0;1;467,97;467,97
139890;Futrola ULTRA TANKI PROTECT silikon za Samsung A202F Galaxy A20e providna (bela);;1;0;1;111,69;111,69
139891;Futrola ULTRA TANKI PROTECT silikon za Samsung A606F Galaxy A60 providna (bela);;2;0;2;111,69;223,37
139942;Futrola silikon BRUSHED za Samsung A505F Galaxy A50 crna;KOM;1;0;1;306,74;306,74
139993;Futrola Jelly za Huawei Y6 2019 zlatna;KOM;1;0;1;245,08;245,08
139995;Futrola Jelly za Huawei Y7 2019 roze;KOM;1;0;1;245,08;245,08
140650;Futrola BASEUS Glitter za Samsung G973F Galaxy S10 teget;KOM;1;0;1;605,13;605,13
140678;Futrola COLOR EDGE za Huawei Mate 20 Lite crna;KOM;1;0;1;213,14;213,14
140683;Futrola COLOR EDGE za Huawei P20 Lite crna;KOM;1;0;1;213,14;213,14
140687;Futrola COLOR EDGE za Huawei P30 Lite crna;KOM;1;0;1;213,14;213,14
140696;Futrola COLOR EDGE za Huawei Y7 2019/Y7 Prime 2019 crna;KOM;1;0;1;213,14;213,14
140702;Futrola COLOR EDGE za Iphone 7 Plus/8 Plus crna;KOM;1;0;1;213,14;213,14
140707;Futrola COLOR EDGE za Iphone 7/8 roze;KOM;1;0;1;213,14;213,14
140732;Futrola COLOR EDGE za Samsung G950F Galaxy S8 crna;KOM;1;0;1;213,14;213,14
140738;Futrola COLOR EDGE za Samsung G970F Galaxy S10e crna;KOM;1;0;1;213,14;213,14
140739;Futrola COLOR EDGE za Samsung G970F Galaxy S10e roze;KOM;1;0;1;213,14;213,14
140747;Futrola COLOR EDGE za Samsung J415F Galaxy J4 Plus roze;KOM;1;0;1;213,14;213,14
140757;Futrola COLOR EDGE za Samsung M105F Galaxy M10 crna;KOM;1;0;1;213,14;213,14
140758;Futrola COLOR EDGE za Samsung M105F Galaxy M10 roze;KOM;1;0;1;213,14;213,14
140759;Futrola COLOR EDGE za Samsung M205F Galaxy M20 crna;KOM;1;0;1;213,14;213,14
140760;Futrola COLOR EDGE za Samsung M205F Galaxy M20 roze;KOM;1;0;1;213,14;213,14
140763;Futrola COLOR EDGE za Samsung N960F Galaxy Note 9 crna;KOM;1;0;1;213,14;213,14
140780;Futrola GENTLE COLOR za Samsung A202F Galaxy A20e crna;KOM;1;0;1;170,24;170,24
140783;Futrola GENTLE COLOR za Samsung A202F Galaxy A20e roze;KOM;1;0;1;170,24;170,24
140922;Smart Watch 116  crveni;;1;0;1;1.310,82;1.310,82
140927;Smart Watch Sams fit;;1;0;1;1.310,82;1.310,82
140942;Futrola Heart za Iphone 6G/6S crna;KOM;1;0;1;459,65;459,65
140943;Futrola Heart za Iphone 6G/6S crvena;KOM;1;0;1;459,65;459,65
140955;Futrola Heart za Iphone 7/8 pink;KOM;1;0;1;459,65;459,65
141136;Folija za zastitu ekrana GLASS 11D za Samsung A805F/A905F Galaxy A80/A90 crna;;1;0;1;383,03;383,03
141379;Futrola ULTRA TANKI PROTECT silikon za Huawei Honor 20 Lite providna (bela);;2;0;2;111,69;223,37
141688;Futrola BI FOLD Ihave za Huawei Y6 2019 crna;KOM;1;0;1;425,50;425,50
141730;Futrola ELEGANT DIAMOND za Huawei Y7 2019/Y7 Prime 2019 crna;KOM;1;0;1;272,13;272,13
141741;Futrola ELEGANT DIAMOND za Samsung A205F/A305F Galaxy A20/A30 teget;KOM;1;0;1;272,13;272,13
141743;Futrola ELEGANT DIAMOND za Samsung A405F Galaxy A40 crvena;KOM;1;0;1;272,13;272,13
141745;Futrola ELEGANT DIAMOND za Samsung A505F Galaxy A50 crna;KOM;1;0;1;272,13;272,13
141756;Futrola GENTLE COLOR za Huawei Honor 20 Lite ljubicasta;KOM;1;0;1;169,88;169,88
141759;Futrola GENTLE COLOR za Huawei Honor 20 Lite tirkizna;KOM;1;0;1;169,88;169,88
141868;Futrola silikon CANVAS za Samsung A205F/A305F Galaxy A20/A30 crna;KOM;1;0;1;224,94;224,94
141873;Futrola silikon CANVAS za Samsung A405F Galaxy A40 plava;KOM;1;0;1;224,94;224,94
141875;Futrola silikon CANVAS za Samsung A405F Galaxy A40 siva;KOM;1;0;1;224,94;224,94
141936;Futrola ULTRA TANKI PROTECT silikon za Huawei Y6 2019 siva;;1;0;1;111,70;111,70
141938;Futrola ULTRA TANKI PROTECT silikon za Samsung A805F Galaxy A80 providna (bela);;2;0;2;111,69;223,37
143069;Folija za zastitu ekrana GLASS MONSTERSKIN 5D za Samsung G973F Galaxy crna F;;1;0;1;1.106,53;1.106,53
143070;Folija za zastitu ekrana GLASS MONSTERSKIN 5D za Samsung G975F Galaxy S10 Plus c;;1;0;1;1.105,74;1.105,74
143177;Futrola COLOR EDGE za Huawei Y6 2019 crvena;KOM;1;0;1;213,14;213,14
143382;Futrola DURABLE PRINT za Samsung A202F Galaxy A20e DP0050;KOM;1;0;1;213,14;213,14
143392;Futrola DURABLE PRINT za Samsung A202F Galaxy A20e DP0065;KOM;1;0;1;213,14;213,14
143429;Futrola silikon GLITTER SHOW YOURSELF za Huawei P Smart 2019 srebrna;KOM;1;0;1;238,34;238,34
143431;Futrola silikon GLITTER SHOW YOURSELF za Samsung G975F galaxy S10 Plus srebrna;KOM;1;0;1;238,34;238,34
143622;Futrola GENTLE COLOR za Huawei Y6 2019 roze;KOM;1;0;1;169,88;169,88
143623;Futrola GENTLE COLOR za Huawei Y6 2019 teget;KOM;1;0;1;169,88;169,88
144175;Futrola Double color za Iphone 6G/6S roze-plava;KOM;1;0;1;212,80;212,80
144209;Adapter za Iphone X/XS/XR/XS Max 2u1 mini crni;KOM;1;0;1;425,59;425,59
144395;Slusalice i11S BT bele;;1;0;1;1.452,00;1.452,00
145422;Fut Ihave Gent Note 10+ crna;KOM;1;0;1;554,36;554,36
146031;Fut CLEAR VIEW Iph 11 Pro crna;;1;0;1;504,05;504,05
146035;Fut CLEAR VIEW 11 Pro Max roze;;1;0;1;504,05;504,05
146037;Fut CLEAR VIEW Iph 11 crna;;1;0;1;504,05;504,05
146086;Fut CLEAR FIT Note 10+ provid;;1;0;1;191,93;191,93
1500414;Kucni punjac REZ 2/1 sa micro usb 2.1A;kom;6;0;6;241,99;1.451,94
1500415;Kucni punjac REZ 2/1 sa Iphone 5/6/7 kablom 2.1A;kom;5;0;5;267,20;1.336,00
15004600;Kucni punjac 2/1 REZ 2.1A sa Type C kablom ;kom;4;0;4;262,16;1.048,64
1504811248;USB kabal rez Iphone 1m;kom;10;0;10;96,80;968,00
150486336;USB Data kabal micro REZ za type C1m;kom;4;0;4;96,80;387,20
150486345;USB Data Kabal micro REZ/Spider 1m;kom;9;0;9;96,80;871,20
15076;PCB holder BAKU BK-687;;1;0;1;183,34;183,34
15077;Magnetizer/demagnetizer BK-210;;1;0;1;208,34;208,34
16551;Folija za zastitu ekrana GLASS za Iphone 6G/6S;;3;0;3;87,67;263,01
18581;Duvaljka i lemilica BAKU BK-909;;1;0;1;5.666,66;5.666,66
18619;Drzac univerzalni JY001 stipaljka (vakum);kom;3;0;3;221,84;665,51
1911;Kucni punjac COMICELL EXTREME za Nokia 6101;;2;0;2;94,38;188,76
1913;Kucni punjac COMICELL EXTREME za Nokia 7210;;2;0;2;94,38;188,76
36529;Baterija za Nokia 3310 3G/3410 (BLC-2) Comicell;;1;0;1;231,24;231,24
36536;Baterija za Nokia 6600 (BL-5C) Comicell;;1;0;1;212,81;212,81
3700460207748;ZVUCNICI BT MUSE M1808DJ LED;KOM;1;0;1;11.421,00;11.421,00
3856005175420;MIS WIRELESS MS ROUND BLACK;kom;3;0;3;363,75;1.091,25
4351;HDD 2,5 500GBMQ01ABD050V TOSHIBA 5400RPM 16MB 9,5MM;kom;6;0;6;1.699,01;10.194,06
43853;USB data kabal REMAX quick charge&data full speed micro crni 1m;;5;0;5;292,42;1.462,08
43876;USB data kabal REMAX quick charge&data full speed za Iphone lightning beli 1m;;6;0;6;208,87;1.253,22
43877;USB data kabal REMAX quick charge&data full speed za Iphone lightning crni 1m;;1;0;1;246,73;246,73
45139;Slusalice LAPAS T-1 crne;;1;0;1;1.067,55;1.067,55
48168;Baterija za Samsung G899 Galaxy S5 Comicell;;1;0;1;417,13;417,13
4894461779294;ALCATEL 2003D Dark Gray;kom;1;0;1;2.100,00;2.100,00
49593;Vacuum Sucking Pen BAKU BK-939 zlatna;;1;0;1;250,00;250,00
4971;HDD 3.5 500GB ST3500312CS SEAGATE 5900 RPM 8MB SLIM SATA;KOM;4;0;4;1.199,04;4.796,16
49980;Slusalice REMAX RM-515 bele;;2;0;2;485,82;971,64
50022;Vakuum stipaljka BAKU BK-7230;;1;0;1;416,66;416,66
5201360501571;KROASAN  7 DAYS DOUBLE VANILLA FL&SOUR CHERI FIL.80GR;KOM;10;0;10;0,00;0,00
5201360501700;KROASAN 7 DAYS DOUBLE COCOA&VANILLA 80GR;KOM;9;0;9;0,00;0,00
5201360531929;KROASAN 7DAYS HAZEL.CREM&COOKIES;KOM;4;0;4;0,00;0,00
5201360531936;KROASAN 7DAYS VANIL.CREM&COOKIES 110GR;KOM;8;0;8;0,00;0,00
52622;Baterija za Nokia 6500s (BP-5M) Comicell;;1;0;1;221,32;221,32
53211105;Prestigio WIZE 4131 4G PMT SINGLE MICRO SIM have call function 10,1 WXGA ;kom;1;0;1;7.147,50;7.147,50
53487;Kucni punjac COMICELL EXTREME microUSB 2in1 1A beli;kom;1;0;1;181,50;181,50
54261;GLASS za J710 J7 2016;KOM;2;0;2;87,40;174,79
60503;USB data kabal REMAX quick charge&data full speed micro beli 2m;KOM;2;0;2;383,27;766,54
60680;USB data kabal REMAX quick charge&data full speed micro beli 1m;;5;0;5;292,42;1.462,08
6438409035929;NOKIA 105 DS 2019 BLACK 1.77';kom;8;0;8;2.300,00;18.400,00
67738;Futrola silikon GLITTER SHOW YOURSELF za Iphone 6G/6S siva;KOM;1;0;1;238,34;238,34
67739;Futrola silikon GLITTER SHOW YOURSELF za Iphone 6G/6S srebrna;KOM;1;0;1;238,34;238,34
6901012024104;TASTATURA USB GIGATECH GT-410E STANDARD;KOM;3;0;3;370,00;1.110,00
6909764012967;ZVUÈNICI BT GIGATECH BT 797 GOLD;KOM;6;0;6;390,00;2.340,00
6909764012974;KABAL LAN CAT5e UTP OWIRE BOX 305m;kom;1;0;1;3.013,20;3.013,20
6932391902721;GAMEPAD MARVO GT007 USB DUAL SHOCK;KOM;1;0;1;988,00;988,00
6932391902738;GAMEPAD MARVO GT006 USB DUAL SHOCH;KOM;1;0;1;560,50;560,50
6932391903155;TASTATURA USB MARVO KG735 GAMING;KOM;2;0;2;3.790,00;7.580,00
6932391904626;SLUSALICE MARVO HG8936 PINK RGB GAMING;KOM;1;0;1;1.490,00;1.490,00
6932391906507;MIS USB MARVO M399;KOM;3;0;3;910,00;2.730,00
6932391907702;TASTATURA USB MARVO K632 GAMING;KOM;2;0;2;891,00;1.782,00
6932391912621;PODLOGA ZA MIS MARVO G46;KOM;3;0;3;288,00;864,00
6932391913505;TASTATURA + MIS USB MARVO KM409 GAMING ;KOM;1;0;1;1.791,00;1.791,00
6932391915851;SLUSALICE MARVO H8323 ZELENE GAMING;KOM;1;0;1;1.190,00;1.190,00
6932391917527;TASTATURA USB XTRIKE KB302 GAMING ;KOM;3;0;3;846,00;2.538,00
6932391917541;SLUSALICE XTRIKE HP302 BK;KOM;1;0;1;855,00;855,00
6932391917565;SLUSALICE MARVO HG8928 GAMING;KOM;1;0;1;1.700,50;1.700,50
6932391917640;MIS USB XTRIKE GM203 BK;KOM;3;0;3;522,00;1.566,00
6932391917916;TASTATURA USB XTRIKE KB-505 GAMING;KOM;3;0;3;1.290,00;3.870,00
6932391918593;TASTATURA-MIS-SLUSALICE MARVO CM370;KOM;3;0;3;2.421,00;7.263,00
6932391918999;MIS USB MARVO M207 GAMING;kom;5;0;5;621,00;3.105,00
6932391919521; SLUSALICE USB 7.1 MARVO HG9049;KOM;2;0;2;2.490,00;4.980,00
6932391919668;PODLOGA ZA MIS MARVO G31;KOM;2;0;2;405,00;810,00
6932391919675;PODLOGA ZA IS MARVO G32;KOM;3;0;3;981,00;2.943,00
6932391919712;ZVUCNICI USB MARVO SG265 RGB;KOM;4;0;4;1.431,00;5.724,00
6932391919798;SLUSALICE MARVO HG8930 GAMING;KOM;2;0;2;1.971,00;3.942,00
6932391919972;MIS USB MARVO G813;KOM;2;0;2;1.670,00;3.340,00
6932391920220;TASTATURA USB MARVO K616 GAMING ;KOM;3;0;3;1.251,00;3.753,00
6932391920381;SLUSALICE MARVO H8321P;KOM;2;0;2;780,00;1.560,00
6932391920619;SLUSALICE MARVO GP002;KOM;1;0;1;1.440,00;1.440,00
6932391920893;MIS USB MARVO M513 GAMING RGB ;KOM;2;0;2;1.116,00;2.232,00
6932391920947;TASTATURA USB MARVO K656 GAMING ;KOM;3;0;3;1.341,00;4.023,00
6932391921005;TASTATURA+MIS+SLUSALICE MARVO CM370 PINK ;KOM;3;0;3;2.421,00;7.263,00
6932391922132;MIS USB MARVO M313 GAMING RGB ;KOM;2;0;2;801,00;1.602,00
6932391922187;PODLOGA ZA MIS MARVO G36;KOM;4;0;4;801,00;3.204,00
6932391922347;TASTATURA USB XTRIKE KB280 GAMING ;KOM;3;0;3;846,00;2.538,00
69323919224477;SLUSALICE XTRIKE GH890;KOM;2;0;2;2.241,00;4.482,00
6932391922484;SLUSALICE XTRIKE GH899;KOM;1;0;1;2.781,00;2.781,00
6932391922545;MIS USB MARVO G941;KOM;1;0;1;1.790,00;1.790,00
6932391922583;PODLOGA ZA MIS MARVO G39;kom;3;0;3;641,70;1.925,10
6932391922910;MIS USB MARVO M312;KOM;2;0;2;711,00;1.422,00
6932391923092;WEB KAMERA XTRIKE XPC01;KOM;3;0;3;990,00;2.970,00
6932391923313;SLUSALICE MARVO H8321S;KOM;1;0;1;891,00;891,00
6932391923337;MIS USB MARVO M359 GAMING RGB;KOM;3;0;3;855,00;2.565,00
6932391923467;MIS USB MARVO M115 GAMING RGB;KOM;3;0;3;558,00;1.674,00
693291909058;PODLOGA ZA MIS MARVO G15;kom;2;0;2;511,50;1.023,00
6932931924433;MIS USB XTRIKE GM222;KOM;2;0;2;711,00;1.422,00
6934177766879;Xiaomi Redmi 9A 2/32GB Granite Gray;kom;1;0;1;10.200,00;10.200,00
6956974930468;Punjaè Konfulon C25 (5W) + Micro kabl;kom;9;0;9;220,00;1.980,00
6956974930482;Punjaè Konfulon C25 (5W) + iPhone kabl Lightning;kom;9;0;9;220,00;1.980,00
6959072767493;GOLF USB Iphone Lighting GC-64 1m beli ojaèan 3A;KOM;10;0;10;160,00;1.600,00
6982708238802;Slušalice Type C PG3-6;KOM;10;0;10;450,00;4.500,00
740617298857;KINGSTON 32GB Micro class 10 100MB/s bez adaptera ;kom;14;0;14;120,00;1.680,00
740617298963;KINGSTON 64GB Micro class 10 100MB/s bez adaptera ;kom;3;0;3;620,00;1.860,00
740617299076;KINGSTON 128GB Micro class 10 100MB/s ;kom;3;0;3;1.290,00;3.870,00
740617309720;KINGSTON USB 32BG DTX 3.2;kom;2;0;2;345,00;690,00
766623712491;RACK POLICA 19 1U 150MM INTELLINET CRNA (712491);kom;1;0;1;979,70;979,70
78174;Futrola ULTRA TANKI PROTECT silikon za Iphone 5G/5S/SE providna (bela);;2;0;2;111,69;223,37
78181;Futrola ULTRA TANKI PROTECT silikon za Iphone 6G/6S providna (bela);;1;0;1;111,70;111,70
78184;Futrola ULTRA TANKI PROTECT silikon za Iphone 6G/6S siva;;1;0;1;111,45;111,45
78412;Futrola ULTRA TANKI PROTECT silikon za Iphone 5G/5S/SE siva;;2;0;2;111,45;222,90
78579;Fut sil DUR xp E5 ljub;;1;0;1;46,59;46,59
78634;Folija za zastitu ekrana GLASS za Iphone 7 Plus/8 Plus;;4;0;4;73,78;295,10
78635;GLASS za Sony Xperia XA2;;1;0;1;87,74;87,74
79585;USB data kabal REMAX LESU RC-050m micro crni 1m;kom;1;0;1;204,97;204,97
80040069;Podloga Marvo G19 900x400;kom;3;0;3;1.199,70;3.599,10
8060233;Sluš Marvo H8311 + mic;;1;0;1;773,39;773,39
80606;Futrola ULTRA TANKI PROTECT silikon za Iphone 7/8 providna (bela);;2;0;2;111,64;223,29
80609;Futrola ULTRA TANKI PROTECT silikon za Iphone 7/8 siva;;1;0;1;111,45;111,45
8070012;Mic SL pure voice crni;KOM;1;0;1;470,25;470,25
81277;Punjac lph 20w 4.5A sq;;1;0;1;806,67;806,67
81572;Futrola NILLKIN super frost za Iphone 7 crna;KOM;1;0;1;562,35;562,35
82102;Futrola ULTRA TANKI PROTECT silikon za Iphone 7 Plus/8 Plus providna (bela);;3;0;3;111,45;334,35
83556;Futrola ULTRA TANKI PROTECT silikon za Iphone 7 Plus/8 Plus siva;;3;0;3;111,45;334,35
84535;GLASS za G610F;KOM;2;0;2;87,73;175,45
84591;Futrola silikon GLITTER SHOW YOURSELF za Iphone 7 roze;KOM;1;0;1;238,34;238,34
84614;Handsfree slusalice OFIA J5 3.5mm bele;;3;0;3;97,80;293,40
85177;Srafciger BAKU BK-338 zvezdasti 0.8x25mm crveni;;1;0;1;208,34;208,34
8600115399994;Parliament Soho (Aqua Blue) ;kom;10;0;10;288,20;2.882,00
860022061212402;Punjaè Konfulon C32Q iPhone Lightning Fast;kom;8;0;8;400,00;3.200,00
86002206121334;Punjaè 18W bez kabliæa Type C;kom;3;0;3;550,00;1.650,00
8606108128008;BAPAJANJEATX ZEUS ZUS-500 500W 12cm;kom;3;0;3;873,00;2.619,00
8606108128046;NAPAJANJE ATX ZEUS ZUS-600 600W;kom;2;0;2;1.251,30;2.502,60
8806090814044;SAMSUNG kucni punjac Fast EP-TA20 bez kabla 15WCRNI;kom;2;0;2;1.100,00;2.200,00
8806090973369;Samsung kucni punjac FAST EP-TA800 bez kablica 25W CRNI;kom;3;0;3;1.605,00;4.815,00
8806092956667;Samsung Galaxy A52s 5G 6/128gb Crna SM-A528;kom;1;0;1;31.300,00;31.300,00
8806094116830;Samsung A13 4/128GB Crni ;kom;1;0;1;18.800,00;18.800,00
8806094500202;SAMSUNG kožna futrola Z FORD 4 CRNA EF-VF936-LI;kom;1;0;1;6.150,00;6.150,00
88488;Futrola silikon BRUSHED za Iphone 7 Plus/8 Plus crna;KOM;1;0;1;221,83;221,83
88654;Futrola BI FOLD Ihave za Iphone 7 Plus/8 Plus crna;KOM;1;0;1;425,60;425,60
89010;Power Bank KONFULON 20000mAh KFL-EDGE II belo-sivi;;1;0;1;1.260,52;1.260,52
89359;Folija za zastitu ekrana GLASS za Huawei P10 Lite;;2;0;2;74,05;148,11
89379;Folija za zastitu ekrana GLASS za Nokia 6;;2;0;2;73,78;147,55
89388;Folija za zastitu ekrana GLASS za Samsung J730F Galaxy J7 2017/J7 Pro;;3;0;3;73,93;221,79
89579;Futrola ULTRA TANKI PROTECT silikon za Huawei P10 Lite providna (bela);;1;0;1;111,45;111,45
89582;Futrola ULTRA TANKI PROTECT silikon za Huawei P10 Lite siva;;1;0;1;111,45;111,45
89973;Futrola ULTRA TANKI PROTECT silikon za Nokia 6 providna (bela);;1;0;1;111,45;111,45
90991;GLASS za P10 Plus;;1;0;1;87,40;87,40
90993;GLASS za P10;;2;0;2;87,40;174,79
90994;Glass 2.5D za Samsung A70;;1;0;1;353,11;353,11
90995;GLASS nano MI 5X;;1;0;1;110,87;110,87
90996;GLASS  MI 5X;;1;0;1;87,40;87,40
90998;Folija za zastitu ekrana GLASS za Samsung J530F Galaxy J5 2017;;1;0;1;73,78;73,78
90999;Fut Bifold clear ljub;;1;0;1;504,14;504,14
91000;Fut Bifold Han  MI 5X blk;;1;0;1;504,14;504,14
91001;GLASS nokia 3.2;;2;0;2;87,73;175,45
91002;GLASS  2.5D nokia 3.2  ;;2;0;2;353,11;706,23
91003;GLASS 3D Sams A7 2018;;1;0;1;302,53;302,53
91004;Fut Protect 360 Samsung A7;KOM;1;0;1;403,33;403,33
91005;Punj LDNIO A2405Q 2xUSB FAST;;2;0;2;866,48;1.732,96
91006;Kabl BASEUS RAP 3u1 2xiph 1micro red;;3;0;3;652,19;1.956,57
91007;Kabl BASEUS RAP 3u1 2xiph 1micro blue;;2;0;2;652,19;1.304,38
91008;Fut crystal S10e red;;1;0;1;257,13;257,13
91010;Fut Eleg Diamond Sams S10 Red;;1;0;1;322,65;322,65
91011;Fut Electro Diamond Sam S10 Zlat-Crn;;1;0;1;45,38;45,38
91012;Fut DURABLE IPHONE 5G/5S/SE Pink;;1;0;1;46,59;46,59
91013;Fut DURABLE IPHONE 5G/5S/SE ZUTA;;1;0;1;46,59;46,59
91014;Fut Glitter Finger Ring Sam S9 plus;;1;0;1;121,00;121,00
91015;Fut Glitter Sam s9 plus Silver;;1;0;1;279,51;279,51
91016;GLASS za Sams Note 9;;3;0;3;87,58;262,74
91017;GLASS 2.5D IPHONE 6G/6S;;2;0;2;352,92;705,84
91018;GLASS 2.5D HUAWEI Y6 2018;;2;0;2;352,92;705,84
91019;GLASS 5D Huawei P10 Plus;;1;0;1;604,95;604,95
91020;GLASS 2.5D SHAOMI RED MI ;;2;0;2;353,11;706,23
91021;Fut BiFold Samsung a6 2018;;1;0;1;363,00;363,00
91022;GLASS 2.5D Samsung A6 2018;;1;0;1;353,11;353,11
91024;GLASS samsung J6 2018;;5;0;5;87,40;436,98
91025;Traka samolepljvia;;1;0;1;605,00;605,00
91026;Kapton Traka 30;;1;0;1;453,75;453,75
91029;Fut BIFOLD HUAWEI P30 Lite Pink;;1;0;1;161,33;161,33
91030;Fut BIFOLD HUAWEI P30 Lite purpl;;1;0;1;300,48;300,48
91031;Fut Hanman HUAWEI P30 Lite pink;;1;0;1;504,17;504,17
91032;GLASS 2.5D  Huawei P Smart 19;;2;0;2;353,11;706,23
91033;Fut Protect 360 Hua P smart 19 blk;;1;0;1;403,33;403,33
91034;Fut Protect 360 Hua P smart 19 blue;;1;0;1;403,33;403,33
91309;Folija za zastitu ekrana GLASS za Nokia 5;;1;0;1;74,06;74,06
91876;Futrola ULTRA TANKI PROTECT silikon za Nokia 5 providna (bela);;1;0;1;111,45;111,45
91969;Futrola silikon BRUSHED za Samsung G950F Galaxy S8 crna;KOM;1;0;1;306,74;306,74
91991;Futrola ULTRA TANKI PROTECT silikon za Nokia 5 siva;;1;0;1;111,45;111,45
92964;Futrola silikon GLITTER SHOW YOURSELF za Samsung G950F Galaxy S8 siva;KOM;1;0;1;238,34;238,34
95225;Futrola ULTRA TANKI PROTECT silikon za Samsung J330F Galaxy J3 2017 (EU) providn;;1;0;1;111,45;111,45
95226;Futrola ULTRA TANKI PROTECT silikon za Samsung J530F Galaxy J5 2017 (EU) providn;;1;0;1;111,45;111,45
95227;Futrola ULTRA TANKI PROTECT silikon za Samsung J730F Galaxy J7 2017 (EU) providn;;1;0;1;111,45;111,45
96702;Selfie drzac generation 3.5mm crno-pink;;1;0;1;212,82;212,82
97562;Futrola ULTRA TANKI PROTECT silikon za Samsung J330F Galaxy J3 2017 (EU) siva;;1;0;1;111,70;111,70
97565;Futrola ULTRA TANKI PROTECT silikon za Samsung J730F Galaxy J7 2017 (EU) siva;;1;0;1;111,45;111,45
97879;Futrola ULTRA TANKI PROTECT silikon za Iphone X providna (bela);;1;0;1;111,45;111,45
97882;Futrola ULTRA TANKI PROTECT silikon za Iphone X siva;;1;0;1;111,70;111,70
98854;USB data kabal BASEUS RAPID 3in1 micro/Iphone lightning/Type C 1.2m crveni;KOM;1;0;1;745,36;745,36
99484;Futrola silikon BRUSHED za Nokia 6 crna;KOM;1;0;1;306,74;306,74
99493;Futrola silikon BRUSHED za Samsung J730F Galaxy J7 2017 (EU) crna;KOM;1;0;1;306,74;306,74
99499;Futrola silikon BRUSHED za Samsung J530F Galaxy J5 2017 (EU) crna;KOM;1;0;1;306,74;306,74
99988;Futrola ULTRA TANKI PROTECT silikon za Samsung N950F Galaxy Note 8 providna (bel;;1;0;1;111,45;111,45
99991;Futrola ULTRA TANKI PROTECT silikon za Samsung N950F Galaxy Note 8 siva;;1;0;1;111,45;111,45
A452;Auto punjac LDNIO DL-C17 USB 5V/1A Tyre C Beli ;kom ;3;0;3;415,64;1.246,91
AD159;OTG MICRO USB BELI;KOM;4;0;4;50,42;201,68
AD160;OTG MICRO USB CRNI;KOM;2;0;2;114,59;229,18
AD226;Adapter DisplayPort na VGA ;kom;1;0;1;491,11;491,11
AD23;Adapter za punjac 2 rupe CRNI;KOM;1;0;1;25,10;25,10
AD291;Adapter 3.5mm na Type C crni;kom;4;0;4;99,39;397,58
AD43;Adapter 3.5mm na Type C beli;kom;4;0;4;137,43;549,72
AL575;Pomocna ruka za lemljenje sa LED lupom (mala);kom;1;0;1;504,17;504,17
AV179;VGA kaba na VGA 1,5 crni;kom;6;0;6;189,75;1.138,50
AV201;UTP kabal CAT5e2m beli;kom;3;0;3;90,36;271,07
AV204;UTPkabal CAT5e 10m beli;kom;5;0;5;0,00;0,00
AV267;audio AUX kabal Woven 3,5m srebni;kom;4;0;4;99,39;397,58
AV286;DisplayPort kabal na DisplayPort 1,8 m crni;kom;5;0;5;268,41;1.342,05
AV289;DVI-D kabal na DVI-D 1,5 m crni;kom;2;0;2;243,96;487,91
AV297;Audio kabl REMAX RM-L200 Aux 3.5mm beli 2m;kom;2;0;2;379,47;758,93
AV342;Audio Aux kabal X-006 Iphone na 3,5 mm crvena;kom;3;0;3;306,53;919,59
AV343;Audio Aux kabal X-008 type C na 3,5 mm crna;kom;3;0;3;306,53;919,59
AV48;HDMI kabal na HDMI 1.5m FLAT crni;kom;4;0;4;191,58;766,33
AV51;HDMI kabal na HDMI 3m crno/crveni;kom;3;0;3;225,90;677,70
BAT3647;Baterija litijum 3V 25mAh dugmasta CR 1216-C5 GP;KOM;3;0;3;111,30;333,90
BAT3650;Baterija Litijum 3V dugmasta CR 2032-C5 GP;kom;16;0;16;112,63;1.802,08
BAT3658;Baterija Litijum 3V 36mAh dugmasta CR 1220-C5 GP;kom;1;0;1;115,41;115,41
BAT3659;Baterija Litijum 3V 78mAh dugmasta CR 1620-C5 GP;kom;8;0;8;189,20;1.513,60
BAT3660;Baterija Litijum 3V 90mAh dugmasta CR 2016-C5 GP;kom;2;0;2;102,39;204,78
BL44;Bluetooth Receiver za auto crni;kom;1;0;1;294,92;294,92
BL50;Bluetooth headset (slusalica) REMAX T8 2in1 crni;kom;1;0;1;1.014,71;1.014,71
BL56;Bluetooth headset (slusalica) REMAX RB-T15 crni;kom;1;0;1;1.171,03;1.171,03
D353;Drzac za mobilni telefon vch 5 magnetni crni (ventilacija);kom;2;0;2;180,50;361,00
D701;Drzac za mobilni telefon Triangle magnetni crni (ventilacija);kom;4;0;4;178,91;715,64
D743;Drzac za mobilni tel. i WiFi punjac S5 Smart Charger FAST crno-srebrni ;kom;2;0;2;1.774,67;3.549,33
D748;Drzac za mobilni tel. JOYROOM JR-ZS181 Wireless gravity za ventilaciju crni;kom;2;0;2;884,30;1.768,60
F40585;Futrola ULTRA TANKI silikon za Samsung J210 Galaxy J2 2016 bela;kom;2;0;2;90,74;181,49
F41235;Futrola ULTRA TANKI silikon za Samsung J200 Galaxy J2 bela;kom;2;0;2;90,74;181,49
F41407;FUT SILIKON PROTECT SAM S6 EDGE;KOM;1;0;1;150,28;150,28
F42791;Futrola BI FOLD HANMAN za Iphone 7/8/SE (2020) crna;kom;1;0;1;596,36;596,36
F43811;FUT SILIKON PROTECT SAM S6 EDGE SIVA;KOM;1;0;1;150,28;150,28
F44632;Futrola BASEUS Shield za Iphone 7 Plus siva;kom;1;0;1;372,68;372,68
F45652;Futrola NILLKIN defender IV za Iphone 7 narandzasto/crna;kom;1;0;1;504,17;504,17
F47256;Futrola silikon DUARBLE za Samsung G562F Galaxy J2Prime bela ;kom;1;0;1;167,71;167,71
F47401;FUT SILIKON PROTECT SAM S6 EDGE PLUS;KOM;1;0;1;150,28;150,28
F47416;Futrola ULTRA TANKI PROTECT silikon za Samsung J110 Galaxy J1 Ace providna (bela;kom;1;0;1;167,71;167,71
F52234;Futrola silikon CLEAR za Samsung J530F Galaxy J5 2017(EU);kom;1;0;1;151,23;151,23
F53058;Futrola silikon BRUSHED za Iphone X siva;kom;1;0;1;161,33;161,33
F53059;Futrola silikon BRUSHED za Iphone X teget;kom;1;0;1;161,33;161,33
F53383;Futrola silikon CLEAR STONG za Iphone 6G/6S providna ;kom;4;0;4;161,39;645,57
F53394;Futrola silikon CLEAR STONG za Iphone 7/8 providna;kom;8;0;8;167,15;1.337,16
F53396;Futrola silikon CLEAR STRONG za Iphone;kom;3;0;3;167,15;501,44
F54355;Futrola PVC 360 PROTECT za Iphone 7 Plus Teget;kom;1;0;1;292,42;292,42
F55983;Futrola silikon BI FOLD GLITTER za Iphone 7/8 crna ;kom;1;0;1;191,58;191,58
F55985;Futrola BI FOLD GLITTER za Iphone 7/8/SE (2020) ljubicasta;kom;1;0;1;216,05;216,05
F56008;Futrola silikon BI FOLD GLITTER za Samsung N950F Galaxy Note 8 srebrna;kom;1;0;1;191,58;191,58
F57724;Futrola NILLKIN defender II za Iphone X/XS crna;kom;1;0;1;863,29;863,29
F59691;FUT MERCURY SONY XA2 ZLATNA;KOM;1;0;1;137,13;137,13
F59707;Futrola ULTRA TANKI PROTECT silikon za Huawei P20 Pro siva ;kom;2;0;2;139,76;279,51
F59708;Futrola ULTRA TANKI PROTECT silikon za Huawei P20 siva;kom;3;0;3;139,76;419,27
F60265;Futrola silikon 360 PROTECT za Samsung J330F Galaxy J3 2017(EU) bela ;kom;2;0;2;66,55;133,10
F60321;Futrola silikon 360 PROTECT za Samsung J530F Galaxy J5 2017(EU)bela;kom;1;0;1;66,55;66,55
F60774;FUT MERCURY A6 PLUS 2018;KOM;2;0;2;143,18;286,36
F61007;Futrola ULTRA TANKI silikon za Samsung J250F Galaxy J2 Pro 2018 siva;kom;2;0;2;167,71;335,41
F64195;Futrola CLEAR FIT za Iphone;kom;5;0;5;171,67;858,33
F64440;Fut sil clear HONOR 7A;KOM;3;0;3;108,45;325,36
F64440 ;Futrola silikon CLEAR STRONG za Huawei Honor 7A/Y6 Prime 2018 providna;kom;3;0;3;108,45;325,36
F65412;Futrola CLEAR FIT za Iphone XS Max providna;kom;3;0;3;171,67;515,00
F65413;Futrola CLEAR FIT za Iphone XR providna ;kom;2;0;2;171,64;343,29
F65497;Futrola GENTLE COLOR za Huawei Honor 7A/Y6 Prime 2018 crvena;kom;2;0;2;109,90;219,80
F65540;Fut Gentle Col Nokia 3.1 Crna;KOM;2;0;2;133,10;266,20
F65827;Futrola ULTRA TANKI PRO. silikon za Samsung J260F Galaxy J2 Core providna(bela);kom;2;0;2;167,71;335,41
F66206;Futrola silikon CLEAR za Samsung J400F Galaxy J4 2018 providna ;kom;2;0;2;110,87;221,74
F68246;FUT GENTLE COL MOTOROLA ONE PLAY;KOM;1;0;1;196,38;196,38
F68538;Futrola NILLKIN defender II za Iphone XS Max crna;kom;1;0;1;864,12;864,12
F68666;Futrola BI FOLD Ihave Glitter za Huawei Mate 20 Lite crvena ;kom;1;0;1;282,33;282,33
F68792;FUTROLA BI FOLD IHAVE GLITTER ZA SAMSUNG J400F GALAXY J4 2018 ROZE;KOM;1;0;1;174,24;174,24
F68933;FUT SIL CARBON P SMART 2019;KOM;1;0;1;229,90;229,90
F69618;Futrola silikon CLEAR STONG za Iphone XS Max providna model 1;kom;2;0;2;161,18;322,37
F69652;Fut BIFOLD  huawei p30 pro crna;kom;1;0;1;451,76;451,76
F69797;FUT BIFOLD GENTLEMAN S8 PLUS CRNA;KOM;1;0;1;451,56;451,56
F70132;Futrola Baseus Glow za Iphone XR plava;kom;1;0;1;543,50;543,50
F70134;Futrola BASEUS Glow za Iphone X/XS crna;kom;1;0;1;471,90;471,90
F70135;Futrola BASEUS Glow za Iphone X/XS plava;kom;1;0;1;514,25;514,25
F70136;Futrola BASEUS Glow za Iphone X/XS rože;kom;1;0;1;514,25;514,25
F70137;Futrola BASEUS Glow za Iphone XS Max plava;kom;1;0;1;543,50;543,50
F70217;FUT SIL CLEAR HUAWEI P30 LITE SIVA;KOM;4;0;4;150,28;601,13
F70494;Futrola ULTRA TANKI PROTECT silikon za Samsung J410F Galaxy J4 Core providna;kom;2;0;2;167,71;335,41
F71009;Fut BIFOLD  huawei p30 pro  roze;kom;1;0;1;451,76;451,76
F71011;Fut BIFOLD  huawei p30 pro zlatna;kom;1;0;1;451,76;451,76
F71118;Futrola silikon CANVAS za Samsung A505G Galaxy A6 Plus 2018 siva;kom;1;0;1;118,98;118,98
F72121;FUT BIFOLD MERCURY SAM A30S/A50S/A70S ZLATNA;KOM;1;0;1;309,66;309,66
F72173;FUT BIFOLD GENTLEMAN A30S/A50S/A70S CRNA;KOM;1;0;1;451,77;451,77
F73709;Futrola ULTRA TANKI KOLOR za Huawei P30 Lite plava;kom;1;0;1;167,73;167,73
F73726;FUT CLEAR HUAWEI Y7 2019;KOM;3;0;3;144,44;433,33
F74409;FUT BIFOLD MERCURY SAM A70/A70S CRNA;KOM;1;0;1;310,13;310,13
F74440;Futrola BI FOLD Ihave Gentleman za Samsung A405F Galaxy A40 crna;KOM;1;0;1;451,76;451,76
F74442;Futrola BI FOLD Ihave Gentleman za Samsung A405F Galaxy A40 siva;KOM;1;0;1;451,76;451,76
F74449;Futrola ULTRA TANKI PROTECT silikon za Goigle Pixel 3 Lite/3a providna ( bela ) ;kom;2;0;2;139,76;279,51
F74474;Futrola CLEAR FIT za Huawei P30 Pro providna;kom;3;0;3;171,99;515,97
F75807;Futrola ULTRA TANKI PRINT CLEAR za Huawei P30 Pro ND0081;kom;1;0;1;226,26;226,26
F76507;Fut Hanman za Honor 8A 2019 Crna;KOM;1;0;1;388,56;388,56
F77375;Futrola BLACK CLEAR za Huawei P30 Pro crna;kom;1;0;1;225,93;225,93
F77721;Futrola COLOR EDGE za Huawei P30 Lite crvena ;kom;1;0;1;252,49;252,49
F78129;Futrola ULTRA TANKI KOLOR za Samsung A202F Galaxy A20e crvena;kom;1;0;1;150,00;150,00
F78235;Futrola CLEAR FIT za Huawei Y6 2019 providna;kom;3;0;3;171,99;515,97
F78243;FUT SIL CARBON SAM A70/A70S TEGET;KOM;1;0;1;441,30;441,30
F78460;FUT SIL CLEAR NOVA 5T/HON20;KOM;5;0;5;150,28;751,41
F79556;FUT SILIKON HONOR 20/NOVA 5T;KOM;2;0;2;130,15;260,31
F79811;Futrola GENTLE COLOR za Huawei P30 Pro tirkizna;kom;1;0;1;180,76;180,76
F79834;Futrola Double color za Samsung A307F/A505F/A507F Galaxy A30S/A50/A50S lju-plava;kom;1;0;1;252,09;252,09
F80222;Futrola silikon CLEAR STONG za Iphone 11 Pro providna ;kom;2;0;2;161,19;322,38
F80223;Futrola silikon CLEAR STONG za Iphone 11 Pro Max providna ;kom;2;0;2;161,19;322,38
F80224;Futrola silikon CLEAR STONG za Iphone 11 providna ;kom;2;0;2;161,19;322,38
F80944;FUT NILLKIN SUPERFROST SAM NOTE 10 CRNA;KOM;1;0;1;686,50;686,50
F81163;Futrola pvc gentle color za Huawei P30 Lite tamno crvena ;kom;1;0;1;121,00;121,00
F82320;FUT CLEAR XIAOMI 8A ;KOM;1;0;1;150,28;150,28
F82375;FUT GENTLE COL MOTOROLA ONE ACTION;KOM;1;0;1;181,17;181,17
F82391;Futrola GLASS lhave Glitter za Huawei P30 Pro DZ02;kom;1;0;1;451,76;451,76
F82468;FUT CLEAR ALCATEL 3X 2019;KOM;1;0;1;150,28;150,28
F82649;Futrola DEFENDER II za Iphone X/XS crna;kom;2;0;2;314,43;628,85
F82651;Futrola DEFENDER II za Iphone XS Max crna;kom;2;0;2;314,43;628,85
F83071;Futrola NILLKIN nature za Xiaomi Mi9T bela ;kom;1;0;1;498,12;498,12
F83567;Futrola Smooth za Samsung A307F/A505F/A507F Galaxy A30S/A50/A50S roze;kom;1;0;1;252,49;252,49
F83570;Futrola Smooth za Iphone 7/8 crna;kom;2;0;2;252,49;504,98
F83638;FUT BIFOLD IHAVE SAM A71 ZLATNA;KOM;1;0;1;451,76;451,76
F83901;Futrola silikon CLEAR STRONG za Samsung G980F Galaxy S20 providna;kom;2;0;2;161,19;322,38
F83902;Futrola silikon CLEAR STRONG za Samsung G985F Galaxy S20 Plus providna ;kom;2;0;2;161,19;322,38
F83903;Futrola silikon CLEAR STRONG za Samsung G988F Galaxy S20 Ultra providna;kom;2;0;2;161,19;322,38
F83949;Futrola GENTLE COLOR za Samsung A515F Galaxy A51 cma;kom;1;0;1;181,17;181,17
F83952;Futrola GENTLE COLOR za Samsung A515F Galaxy A51 plava;kom;2;0;2;181,17;362,35
F83956;Futrola GENTLE COLOR za Samsung A715F Galaxy A71 cma;kom;1;0;1;181,17;181,17
F83959;Futrola GENTLE COLOR za Samsung A715F Galaxy A71 rože;kom;1;0;1;181,17;181,17
F84009;Futrola CLEAR FIT za Samsung G980F Galaxy S20 providna ;kom;3;0;3;191,93;575,79
F84010;Futrola CLEAR FIT za Samsung G985F Galaxy S20 providna;kom;2;0;2;191,93;383,86
F84011;Futrola CLEAR FIT za Samsung G988F Galaxy S20 Ultra providna;kom;3;0;3;191,93;575,79
F84036;Futrola CARBON za Samsung G980F Galaxy S20 crna;kom;1;0;1;491,94;491,94
F84039;FUT IHAVE CANVAS NOVA 5T /HON20;KOM;1;0;1;542,12;542,12
F84074;Futrola BI FOLD Ihave Gentleman za Samsung G980F Galaxy S20 crna;kom;2;0;2;504,14;1.008,28
F84076;Futrola BI FOLD Ihave Gentleman za Samsung G985F Galaxy S20 Plus crna;kom;2;0;2;504,14;1.008,28
F84078;Futrola BI FOLD Ihave Gentleman za Samsung G988F Galaxy S20 Ultra crna;kom;1;0;1;504,14;504,14
F84504;Futrola ULTRA TANKI PROTECT silikon za Huawei P40 Lite providna (bela );kom;6;0;6;149,95;899,70
F84505 ;Futrola ULTRA TANKI PROTECT silikon  providna (bela);kom;2;0;2;149,95;299,90
F84506 ;Futrola ULTRA TANKI PROTECT silikon za Huawei P40 providna (bela);kom;5;0;5;149,95;749,75
F84508;Futrola ULTRA TANKI PROTECT silikon za Samsung A115F Galaxy A11 providna (bela);KOM;5;0;5;149,95;749,75
F84871;Futrola NILLKIN super frost za Huawei P40 Pro crna;kom;2;0;2;498,12;996,24
F84966;Futrola Smooth za Samsung A715F Galaxy A71 roze;kom;1;0;1;225,90;225,90
F85031;Futrola ULTRA TANKI KOLOR za Samsung A115F Galaxy A11 crna;KOM;1;0;1;150,00;150,00
F85487;Futrola silikon CLEAR STRONG za Samsung A315F Galaxy A31 providna;kom;4;0;4;167,15;668,58
F85546;Futrola DEFENDER II za Samsung A217F Galaxsy A21s crna;kom;1;0;1;314,43;314,43
F85834;Futrola silikon S Line za Samsung A715F Galaxy A71 providna;kom;3;0;3;162,81;488,42
F86018;Futrola BI FOLD HANMAN za Samsung  Galaxy Note 20 crna;kom;1;0;1;596,36;596,36
F86034;Futrola Jelly za Samsung Note 20 crna;kom;1;0;1;260,49;260,49
F86035;Futrola Jelly za Samsung Note 20 roze;kom;1;0;1;260,49;260,49
F86037;Futrola Jelly za Samsung Note 20 Ultra roze;kom;1;0;1;260,49;260,49
F86055;Futrola COLOR EDGE za Samsung A115F Galaxy A11 roze;KOM;1;0;1;225,90;225,90
F86106;Futrola ULTRA TANKI PROTECT silikon za Samsung Galaxy Note 20 providna (bela);kom;3;0;3;150,00;450,00
F86107;Futrola ULTRA TANKI PROTECT silikon za Samsung Galaxy Note 20 ultra providna;kom;4;0;4;150,00;600,00
F86685;Futrola Smooth za Samsung A21s crna;kom;1;0;1;225,90;225,90
F86997;Futrola CLEAR FIT za Ipjone 12 mini (5.4) providna;kom;5;0;5;171,68;858,39
F86999;Futrola CLEAR FIT za Iphone 12 Pro Max (6.7) providna;kom;8;0;8;171,68;1.373,43
F87042;Futrola GENTLE COLOR za Iphone 12/12 Pro (6.1) crna;kom;1;0;1;180,71;180,71
F87048;Futrola GENTLE COLOR za Iphone 12 Pro Max (6.7) tirkizna;KOM;1;0;1;180,71;180,71
F87053;Futrola GENTLE COLOR za Iphone 12/12 Pro (6.1) tirkizna;kom;1;0;1;180,71;180,71
F87055;Futrola GENTLE COLOR za Iphone  zuta;kom;1;0;1;180,71;180,71
F88358;Futrola Soft with metal plate za Samsung G985F Galaxy S20 Plus crna;kom;1;0;1;225,90;225,90
F89645;Futrola NILLKIN super frost za Samsung G998F Galaxy S21Utra/S30 ultra crna;KOM;1;0;1;686,72;686,72
F90592;Futrola silikon GLITTER SHOW YOURSELF za Samsung A125F Galaxy A12 roze;KOM;1;0;1;303,60;303,60
F90967;Futrola CRASHPROOF COLORFUL za Samsung A125F Galaxy A12 roze;KOM;1;0;1;271,34;271,34
F92192;Futrola silikon CRASHPROOF za Samsung G998F Galaxy S30 Ultra/S21 providna ;KOM;4;0;4;180,34;721,35
F92201;Futrola ULTRA TANKI KOLOR za Samsung A125F Galaxy A12 crna;KOM;2;0;2;149,95;299,90
F92215;Futrola ULTRA TANKI PROTECT silikonza Samsung G996F Galaxy S30 Plus/S21 Plus pro;KOM;5;0;5;150,28;751,41
F92265;Futrola BI FOLD Ihave za Samsung A125F Galaxy A12 crna;kom;1;0;1;451,68;451,68
F92407;Futrola CLEAR FIT za Samsung A125F Galaxy A12 providna;KOM;4;0;4;171,99;687,96
F94028;Futrola Cotton Candy za Samsung A125F Galaxy A12 DZ01;KOM;1;0;1;226,26;226,26
F99052;Futrola GENTLE COLOR za Samsung Galaxy S22 crna;kom;3;0;3;180,34;541,02
F99053;Futrola GENTLE COLOR za Samsung Galaxy S22 crvena;kom;2;0;2;180,34;360,68
F99054;Futrola GENTLE COLOR za Samsung Galaxy S22 plava;kom;1;0;1;180,34;180,34
F99078;Futrola CLEAR za Samsung Galaxy S22 Plus providna;KOM;5;0;5;166,15;830,73
F99080;Futrola GENTLE COLOR za Samsung Galaxy S22 Plus crna;kom;2;0;2;180,34;360,68
F99081;Futrola GENTLE COLOR za Samsung Galaxy S22 Plus crvena;;2;0;2;180,34;360,68
F99082;Futrola GENTLE COLOR za Samsung Galaxy S22 Plus plava;kom;2;0;2;180,34;360,68
F99083;Futrola GENTLE COLOR za Samsung Galaxy S22 Plus roze;kom;2;0;2;180,34;360,68
F99108;Futrola GENTLE COLOR za Samsung Galaxy S22 Ultra crna;kom;3;0;3;180,34;541,02
F99122;Futrola silikon CLEAR STRONG za Samsung Galaxy S22 Ultra providna;kom;5;0;5;165,89;829,47
F99123;Futrola silikon CLEAR za Samsung Galaxy S22 Ultra providna;kom;5;0;5;165,32;826,59
FL1142;Folija za zaštitu ekrana GLASS za Samsung J500 Galaxy J5;kom;2;0;2;104,87;209,75
FL1143;Folija za zaštitu ekrana GLASS za Samsung J700 Galaxy J7;kom;1;0;1;104,87;104,87
FL1341;Folija za zaštitu ekrana GLASS za Samsung J200 Galaxy J2/J2 2017;kom;2;0;2;104,87;209,75
FL2313;GLASS SAM A3 2015;KOM;2;0;2;105,27;210,55
FL2534;Folija za zaštitu ekrana GLASS za Samsung J100 Galaxy J1;kom;2;0;2;104,87;209,75
FL2763;GLASS A8 2015;KOM;2;0;2;104,87;209,75
FL3347;GLASS A7 2016;KOM;2;0;2;104,87;209,75
FL336;GLASS A3 2016;KOM;2;0;2;104,87;209,75
FL4704;Folija za zastitu ekrana GLASS za Iphone 7/8/SE (2020);KOM;6;0;6;94,34;566,06
FL4904;Folija za zaštitu ekrana GLASS za Samsung J3119 Galaxy J3 Pro;kom;2;0;2;104,87;209,75
FL4945;Foiija za zaštitu ekrana GLASS za Samsung G570F Galaxy J5 Prime;kom;2;0;2;104,87;209,75
FL5163;GLASS A3 2017;KOM;2;0;2;104,87;209,75
FL5164;GLASS A5 2017;KOM;2;0;2;104,87;209,75
FL5297;Futrola za zastitu ekrana GLASS za Huawei Honor 8 Lite/P8 Lite 2017/P9 Lite 2017;kom;3;0;3;104,87;314,62
FL5317;GLASS A7 2017;KOM;1;0;1;104,87;104,87
FL5318;GLASS A8 2016;KOM;2;0;2;104,87;209,75
FL5324;Folija za zaštitu ekrana GLASS za Samsung J330F Galaxy J3 2017;kom;1;0;1;104,87;104,87
FL5490;Folija za zaštitu ekrana GLASS za Samsung J530F Galaxy J5 2017;kom;5;0;5;93,98;469,89
FL5769;Folija za zaštitu ekrana GLASS za Samsung G615F Galaxy J7 Max;kom;2;0;2;104,87;209,75
FL6116;Folija za zastitu ekrana GLASS 3D za Samsung J530F Galaxy J5 2017 providna;kom;2;0;2;377,52;755,04
FL6250;Folija za zaštitu ekrana GLASS za Samsung C7100/J720 Galaxy C7;kom;2;0;2;104,87;209,75
FL6253;Folija za zaštitu ekrana GLASS za Samsung J250F Galaxy J2 Pro 2018;kom;2;0;2;105,27;210,55
FL6255;GLASS SONY XA2;KOM;2;0;2;94,35;188,70
FL6261;GLASS A8 2018;KOM;2;0;2;105,21;210,41
FL6262;GLASS A8 PLUS 2018;KOM;2;0;2;104,87;209,75
FL6491;GLASS A6 2018;KOM;2;0;2;104,87;209,75
FL6492;GLASS A6 PLUS 2018;KOM;3;0;3;94,34;283,01
FL6528;GLASS 2.5D Xiaomi 11;KOM;1;0;1;347,88;347,88
FL6590;Foiija za zaštitu ekrana GLASS za Samsung J400F Galaxy J4 2018;kom;2;0;2;104,87;209,75
FL6595;Folija za zaštitu ekrana GLASS za Samsung Galaxy J3 2018;kom;1;0;1;105,27;105,27
FL6596;Folija za zaštitu ekrana GLASS za Samsung Galaxy J7 2018;kom;2;0;2;104,87;209,75
FL6768;Folija za zaštitu ekrana GLASS za Samsung J260F Galaxy J2 Core;kom;2;0;2;105,23;210,46
FL6911;GLASS A6S;KOM;2;0;2;104,87;209,75
FL6950;Folija za zastitu ekrana GLASS za Huawei Honor 10 Lite/P Smart 2019/P Smart Plus;;4;0;4;93,98;375,91
FL6956;Folija za zastitu ekrana GLASS za Huawei P Smart Z/Y9 Prime 2019;KOM;4;0;4;93,98;375,91
FL7053;Folija za zastitu ekrana GLASS za Huawei P30 Lite;kom;4;0;4;93,98;375,91
FL7090;Folija za zastitu ekrana Glass za Huawei Y7 2019/Y7 Pro 2019/Y7 Prime 2019;kom;4;0;4;87,58;350,32
FL7188;Folija za zastitu ekrana GLASS za Samsung M305F Galaxy M30/A40S;kom;2;0;2;104,87;209,75
FL7190;Folija za zastitu ekrana GLASS za Samsung A305F/A505F Galaxy A30/A50;kom;9;0;9;94,29;848,60
FL7263;Folija za zastitu ekrana GLASS za Samsung A105F/A107F Galaxy A10/A10S;kom;1;0;1;104,87;104,87
FL7265;Folija za zastitu ekrana GLASS za Samsung A1405F Galaxy A40;kom;6;0;6;94,01;564,08
FL7266;Folija za zastitu ekrana GLASS za Samsung A705F/A707F Galaxy A70/A70s;kom;4;0;4;93,98;375,91
FL7267;Folija za zastitu ekrana Glass za Samsung A205F Galaxy A20;kom;3;0;3;87,73;263,18
FL7357;GLASS NOVA 5T/HON20;KOM;6;0;6;94,34;566,02
FL7362;Folija za zastitu ekrana GLASS za Samsung A805F/A905F Galaxy A80/A90;kom;2;0;2;105,19;210,38
FL7391;Folija za zastitu ekrana Glass za Samsung A202F Galaxy A20e;kom;3;0;3;87,58;262,74
FL7392;Folija za zastitu ekrana GLASS za Samsung A606F Galaxy A60;kom;2;0;2;105,10;210,19
FL7545; Folija za zaštitu ekrana GLASS za Huawei P40 Lite/P20 Lite 2019;kom;7;0;7;94,27;659,92
FL7548;GLASS 2.5D HUAWEI NOVA5T/HON20/20 PRO;KOM;2;0;2;348,07;696,14
FL7627;Folija za zastitu ekrana GLASS za Samsung A102U Galaxy A10e;kom;2;0;2;105,21;210,41
FL7782;Folija za zastitu ekrana GLASS za Samsung A207F/A307F/A507F Galaxy A20s/A30s/A50;kom;5;0;5;87,58;437,90
FL7845;Folija za zastitu ekrana GLASS za Samsung A515F Galaxy A51;KOM;4;0;4;94,18;376,71
FL7857;Folija za zastitu ekrana GLASS za Samsung A715F Galaxy A71;KOM;4;0;4;94,18;376,71
FL7888;Folija za zastitu GLASS 3D MINI UV-FULL GLUE SamsungG985F GalaxyS20 Plus;kom;2;0;2;670,82;1.341,65
FL797;Folija za zastitu ekrana GLASS za Iphone 5G/5S/SE;KOM;4;0;4;93,98;375,91
FL8022;Folija za zastitu ekrana GLASS za Samsung A415F Galaxy A41;KOM;4;0;4;93,97;375,88
FL8076 ;Folija za zaštitu ekrana GLASS za Huawei P40;kom;6;0;6;93,98;563,87
FL8080;Folija za zastitu ekrana GLASS za Samsung A315 Galaxy A31;kom;5;0;5;93,98;469,89
FL8201;Folija za zastitu ekrana GLASS 2.5D za Samsung A21s crna;kom;3;0;3;348,04;1.044,13
FL8363;Folija za zastitu ekrana GLASS ua Iphone 12 Mini 5.4;kom;5;0;5;93,98;469,89
FL8364;Folija za zastitu ekrana Glass za Iphone 12 Pro Max (6.7);kom;5;0;5;93,98;469,89
FL9055;Futrola za zastitu ekrana GLASS 2,5D za Samsung A125F Galaxy A12 crna;KOM;2;0;2;271,34;542,69
FL986;Folija za zastitu ekrana GLASS za Iphone 6G/6S;KOM;3;0;3;94,27;282,82
FM147;USB Flash memorija MemoStar 16GB CUBOID 3.0 srebrna;kom;3;0;3;427,64;1.282,92
FM736;USB Flash memorija Kingston Data Traveler Exodia 128GB 3,2DTX crno zuta;kom;1;0;1;1.761,76;1.761,76
FS7889;Folija za zastitu GLASS 3D MINI UV-FULL GLUE SamsungG988F GalaxyS20 Ultra;kom;2;0;2;670,82;1.341,65
GH82-19204A;SVC ASSY SMT-OCTA(E/ZK),SM-A;KOM;4;0;4;5.200,00;20.800,00
GH82-19672A;SVC ASSY SMT-OCTA(E/ZK),SM-A;KOM;1;0;1;5.500,00;5.500,00
INBBC710ECK7B03;Intel NUC M15 laptop silver ;KOM;1;0;1;61.788,00;61.788,00
M071;FM modulator BT S8 crni;kom;1;0;1;677,52;677,52
MO35;FM Modulator - BT V7 crni ;kom ;4;0;4;451,76;1.807,05
MO55;FM Modulator BT S7 srebrni;kom;1;0;1;527,08;527,08
MO70;FM Modulator BT VB6 crni;KOM;4;0;4;584,02;2.336,06
O13;OTG KABL 2IN1 CRNI;KOM;3;0;3;87,73;263,19
P1004;Kucni punjaè Comicell Superior CO-DC21 2.1 A Type C beli;kom;13;0;13;285,00;3.705,00
P1005;Kucni punjaè Comicell Superior CO-DC21 Micro ;kom;2;0;2;263,33;526,67
P328;Kucni punjac COMICELL EXTREME microUSB 2in1 2A crni;kom;3;0;3;270,18;810,55
P607;Kucni punjac COMICELL EXTREME Tipy C 2in1 2A crni;kom;9;0;9;290,94;2.618,45
P624;Kucni punjac KONFULON C23 2xUSB 5V/2.4A za Iphone lightning beli;kom;6;0;6;296,38;1.778,25
P67;Kuciste punjaca COMICELL za Iphone 5G/5S/SE/6G/6S/6 Plus white AAA;kom;3;0;3;144,94;434,81
P730;Kucni punjac LDNIO A303Q USB 5V/3A FAST QC 3.0 Type C beli;kom;1;0;1;729,43;729,43
P947;Bezicni punjac (WiFi) Magnetic connection 15W sa Type C kablom beli model 1;kom;3;0;3;1.807,14;5.421,43
PL180;LAPTOP PUNJ DELL 7.4 5.0;KOM;1;0;1;852,12;852,12
R0007;ZV283 Zvucnik H4 Bluetooth - plavi;kom;1;0;1;2.117,66;2.117,66
R0012;KM400+G1 GAMING;kom;2;0;2;2.043,95;4.087,91
R0013;Slusalice MARVO 8329 Crn/Crveno;kom;1;0;1;1.199,70;1.199,70
R0018;HDMI kabal na HDMI 1.5m FLAT crni;kom;1;0;1;184,12;184,12
R0020;RCA kabal na RCA 1.5m;kom;3;0;3;125,99;377,96
R0021;USB kabal A/B 2.0 1.5 m crni;kom;3;0;3;145,37;436,10
R0022;UTV kabal CAT 5e 10m beli;kom;2;0;2;232,57;465,15
R0023;UTV kabal CAT 5e 1m beli;kom;2;0;2;77,52;155,04
R0024;Folija za zastitu ekrana GLASS 3D MINI UV-FULL GLUE za Sam. G950F Galaxy S8;kom;1;0;1;447,70;447,70
R0027;Folija za zastitu ekrena GLASS za Nokia 1;kom;1;0;1;87,73;87,73
R0028;Baterija NiMh punjiva 1.V 2500mAh AA HR6 blister 4/1 Duracell;kom;1;0;1;903,47;903,47
R0030;Futrol silikon RUBBER za Iphone 11 siva ;kom;1;0;1;171,42;171,42
R0033;Futrol silikon MATTE za Iphone 11 crna;kom;1;0;1;171,42;171,42
R0034;Futrol silikon MATTE za Iphone 11 crvena;kom;1;0;1;171,42;171,42
R0036;Futrol silikon MATTE za Iphone 11 Pro crvena;kom;1;0;1;171,42;171,42
R0037;Futrol silikon MATTE za Iphone 11 Pro Max crna ;kom;1;0;1;171,42;171,42
R0039;Futrol silikon MATTE za Iphone 11 Pro zelena ;kom;1;0;1;171,42;171,42
R0040;Futrol silikon RUBBER za Iphone 11 bela ;kom;1;0;1;171,42;171,42
R0041;Futrola BI FOLD Ihave Gentlmen za Iphone 11 crna ;kom;1;0;1;423,92;423,92
R0044;Folija za zastitu ekrana GLASS 11D za Iphone XR/11 crna ;kom;1;0;1;453,75;453,75
R0045;Folija za zastitu ekrana GLASS 11D za Iphone XS Max/11 Pro Max crna;kom;1;0;1;453,75;453,75
R0047;Drzac za mobilni telefon 360 rotirajuci magnetni crni ( ventilacija );kom;4;0;4;282,32;1.129,28
R0048;Futrola BI FOLD Ihave Gentlmean za Huawie Honor 10Lite/P Smart 2019 crna;kom;1;0;1;423,92;423,92
R0050;Futrola PIERRE CARDIN PCS-S02 za Samsung G950F Galaxy S8 svetlo braon;kom;1;0;1;332,75;332,75
R0051;futrola ULTRA TANKI PROTECT silikon za Samsung G950F Galaxy S8 providna ( bela );kom;3;0;3;139,76;419,27
R0052;Futrola ULTRA TANKI PROTECT silikon za Samsung G955F Galaxy S8 providna ( bela );kom;3;0;3;139,76;419,27
R0055;Mis USB WIRELES DA DP0003WE;kom;3;0;3;585,90;1.757,70
R0056;Mis USB WIRELES DA DP0003BE;kom;2;0;2;585,90;1.171,80
R0057;Mis USB MARVO M207 GAMING;kom;2;0;2;548,70;1.097,40
R0058;GAMEPAD GIGATECH GP-450 USB;kom;1;0;1;325,50;325,50
R0059;Citac smart kartica GEMALTO PC LINK SL.CT40;kom;1;0;1;795,00;795,00
R0060;TP LINK WIFI USB WN725N;KOM;2;0;2;830,00;1.660,00
R0062;MIS USB MS 01;KOM;1;0;1;160,00;160,00
R0063;TASTATURA USB MS ALPHA CRANE;KOM;3;0;3;445,45;1.336,35
R0066;Mis USB Marvo M205 RD Gaming crveni ;kom;3;0;3;641,70;1.925,10
R0071;Bezicni punjac 10w 9V 1.2A crni;kom;7;0;7;1.304,38;9.130,66
R0127;Crucial RAM 8GB DD3L 1600 MT/s (pc3l-12800) CL11 UNBUFFERED UDIMM 240pin 1.35V/1;KOM;1;0;1;4.150,00;4.150,00
R0128;Canyon Wired optical mouse with 3 buttons DPI 1000 with 1,5M USB cable black;;4;0;4;239,00;956,00
R0129;CANYON Wired Keyboard 104 keys USB2.0 BLACK cable length 1.3m ;;4;0;4;385,00;1.540,00
R0145;SAMSUNG LED View S20+ Bela ;kom;1;0;1;1.299,00;1.299,00
R0146;Samsung punjac dual fast Type C EP-L1100-wbe;kom;2;0;2;1.750,00;3.500,00
R0148;"Tesla Feature 3.1 Black /2,4""/";kom;1;0;1;1.590,00;1.590,00
R0149;Xiaomi auto punjac 37w dual port Crni;kom;1;0;1;960,00;960,00
R0151;Adpter USB muski na Type-c zenski crni ;kom ;1;0;1;296,45;296,45
R0152;Bluetooth FM Transmiter c5 5V 2.1a crni;kom;4;0;4;677,60;2.710,40
R0153;Mis USB mini optical ;kom;8;0;8;91,76;734,05
R0159;C83-TYPE C CHARGE & DATA CABLE1 ,1M-ESCO-ORANGE 2.0A;KOM;15;0;15;113,91;1.708,58
R0160;C92-TYPE C CHARGE ABD DATA CABLE 2.0A;KOM;10;0;10;210,81;2.108,05
R0161;C93-LIGHTNING CHARGE&DATA CABLE 1.0M 2.0A;KOM;10;0;10;227,91;2.279,05
R0162;CR10-MICRO CAR CHARGER-METAL 3.5A;KOM;9;0;9;370,41;3.333,65
R0163;Q32-TYPE-C QUICK CHARHER SET 3.0A;KOM;6;0;6;474,91;2.849,43
R0165;Baseus Back Seat drzac za kola crni;kom;2;0;2;1.392,90;2.785,79
R0166;PopSocket crni;kom;5;0;5;110,99;554,96
R0167;PopSocket square Tip2;kom;1;0;1;121,12;121,12
R0168;PopSocket toy Tip22;kom;1;0;1;181,69;181,69
R0169;Data kabel MOYE USB 3u1;kom;4;0;4;677,60;2.710,40
R0170;"Mercury Canvas Tablet 7""crna";kom;1;0;1;589,30;589,30
R0183;AUX Kabal Woven 3,5mm ;kom;8;0;8;99,39;795,12
R0184;MOXOM CC 63 FAST TYPE C;KOM;26;0;26;187,85;4.884,10
R0185;Adapter Iphone 7 na 3.5mm;kom;5;0;5;316,25;1.581,25
R0186;MOXOM CC 64 MICRO USB ;KOM;27;0;27;162,81;4.395,87
R0189;Punjac Super Fast 25W/3A;KOM;6;0;6;916,72;5.500,32
R0190;MOXOM CC 64 MICRO USB ;KOM;29;0;29;187,85;5.447,65
R0417;Folija za zastitu ekrana GLASS za Samsung A125F/A022F/A025F/A326B/M022F/M025F Ga;kom;5;0;5;105,13;525,67
R0418;Folija za zastitu ekrana GLASS 2.5D za Samsung A022F/A025F/A125F Galaxy A02/A02s;kom;5;0;5;165,17;825,83
R0419;Folija za zastitu ekrana GLASS 2.5D za Samsung A135F/A136 Galaxy A13 4G/5G crna;kom;5;0;5;165,17;825,83
R0420;Folija za zastitu ekrana GLASS za Samsung A135F/A136 Galaxy A13 4G/5G;kom;5;0;5;105,13;525,67
R0489;TASTATURA+MIS+SLUSALICE MARVO CM370 BLACK;kom;2;0;2;2.790,00;5.580,00
R0539;Kucni punjac Comicell Superior CO-BA21A Fast QC3.0 18W 3A Type C beli;kom;6;0;6;361,67;2.170,00
R0594;Auto punjac Comicell Superior CO-BZ18 FAST 18W USB QC 3.0 Type C beli;kom;3;0;3;291,67;875,00
R0595;Auto punjac Comicell Superior CO-BZ18 FAST 18W USB QC 3.0 Micro beli;kom;3;0;3;270,00;810,00
R0596;USB data kabal PD za iPhone Type C na lightning 3A crni 1m;kom;6;0;6;279,79;1.678,75
R2941;PLAZMA 300 GR BAMBI;kom;1;0;1;213,14;213,14
SD1319;Memorijska kartica MemoStar Micro SD 16GB Class 10UHS+Usb citac;kom;3;0;3;459,80;1.379,40
SD2250;Memorijska kartica MemoStar Micro SD 16GB Class 10 UHS;KOM;6;0;6;0,00;0,00
SD2350;Memorijska kartica Memo Star Micro SD 32GD Class 10 UHS;KOM;6;0;6;806,00;4.836,00
SD5122;Memorijska kartica Kingston Select  Plus Micro SD 64GB Class 10UHS + SDadapter;kom;1;0;1;992,20;992,20
SD5147;Memorijska kartica Kingston Select Plus Micro SD 32GB Class10 UHS U1;kom;3;0;3;484,00;1.452,00
SL745;Slusalice sportske TWS-3 crne ;kom;1;0;1;1.536,07;1.536,07
SL925;Slusalice Moxom MX-EP17 crne;kom;4;0;4;212,90;851,60
SL927;Slusalice Moxom MX-EP18 crne;kom;1;0;1;212,90;212,90
SL928;Slusalice Moxom MX-EP18 bele;kom;3;0;3;212,90;638,70
U13;USB data kabal za Samsung PKT-188;kom;1;0;1;40,84;40,84
U1323;USB data kabal BASEUS CONFIDANT ANTI-BREAK Type C 1m crni;kom;2;0;2;255,92;511,84
U1517;Data kabal Type C na Type C Fast MA018 2m beli;kom;2;0;2;623,46;1.246,93
U1536;USB data kabal LDNIO LS63 Type C 1m sivi;kom;3;0;3;354,13;1.062,39
U1830;USB data kabal Moxom CC-63 FAST microUSB 1m beli;kom;2;0;2;134,63;269,25
U1884;USB data kabal LDNIO LS432 za Iphone lightning 2m sivi;kom;20;0;20;209,52;4.190,40
U1911;USB data kabal za iPhone Type C na lightining 3A beli 1m;kom;10;0;10;282,33;2.823,30
U1990;USB data kabal Comicell Superior CO-BX14 2.4A Micro USB 1m beli;kom;10;0;10;85,00;850,00
U3;USB data kabal za Nokia CA-101;kom;1;0;1;40,84;40,84
U584;USB data kabal LDNIO SY03 microUSB 1m beli;kom;11;0;11;98,11;1.079,21
U979;USB data kabal REMAX RC-006a Type C BELI 1m;kom;9;0;9;146,20;1.315,80
YUSYD4NESO26664G;SYNOLOGY ACCESSORIES 4GB DDR4-2666 SODIMM RAM MODULE D4NESO-2666-4G/SYNOLOGY ;KOM;1;0;1;9.200,00;9.200,00
ZV229;Zvucnik E11 Teget BT;KOM;1;0;1;1.452,00;1.452,00
ala0001234;LAN TESTER POE NF-468PF;kom;1;0;1;1.809,05;1.809,05
gem1076;PP12-5M/BK Gembird Mrezni kabl 5m black;kom;3;0;3;110,94;332,83
gem3261;PP12-2M/BK Gembird Mrezni kabl 2m black;kom;3;0;3;57,83;173,50
gem3592;PP12-1M/V Gembird Mrezni kabl 1m purple;kom;5;0;5;50,70;253,49
gem3868;HDD 3.5 320 GB WD3200AVJS WD AV 7200RPM 8MB SATA;KOM;7;0;7;735,08;5.145,56
gem5398;HDD 2.5 320 GB HCC545032A7E380 HITACHI 5400 RPM 8MB SATA 7mm;kom;6;0;6;1.699,01;10.194,06
gem5709;PP12-3M Gembird Mrezni kabl 3m grey;kom;4;0;4;86,74;346,97
h2cnssbths1l;CANYON Bluetooth sport earphones with microphone cable length 0,3mm 18*25*22mm;kom;1;0;1;968,00;968,00
870.799,97;;;;;;;
